Number of Elements,Differance of Expected and Counted
2,3.0
7,3.9339012876799817
12,4.191691915971357
17,4.171906247712721
22,4.0078038640692775
27,3.752893244491257
32,3.718444375
37,3.555822058300114
42,3.4664930653782613
47,3.3997154030387424
52,3.394168323805443
57,3.3667238327608833
62,3.376035924461346
67,3.3831448177910013
72,3.3550628421369892
77,3.321122986400775
82,3.29638691186312
87,3.2360244974892867
92,3.203057412348159
97,3.1812830295940113
102,3.158829193367445
107,3.1333203505326273
112,3.117077079563569
117,3.077823389855122
122,3.0636651141922817
127,3.0444240423824684
132,3.0173898525809806
137,3.0056906015377516
142,2.982816221843982
147,2.960060631363501
152,2.944616249540678
157,2.919647383368308
162,2.90554597117882
167,2.8941512335493687
172,2.8795524144370463
177,2.8656347473073187
182,2.8597627622235176
187,2.8427825946068905
192,2.838241893916617
197,2.8285353678880893
202,2.8329313153046054
207,2.824175514685613
212,2.8228609416443304
217,2.820084986347355
222,2.8218456219718906
227,2.8212210508722664
232,2.8219098821806115
237,2.815088197981235
242,2.821670178966758
247,2.821848208124097
252,2.8187545458168706
257,2.8186636167176466
262,2.827028864027658
267,2.8203164219661603
272,2.827035400197925
277,2.8313780064716814
282,2.826646506798262
287,2.8300320676727737
292,2.829374506782677
297,2.819802497945755
302,2.819110926940782
307,2.810763046673588
312,2.814192021653557
317,2.810900521310232
322,2.8048145672918645
327,2.7976763015940067
332,2.7911301423258563
337,2.786242117727424
342,2.7754044838301337
347,2.76996201131377
352,2.7679041664148003
357,2.763976871668878
362,2.7601897913180604
367,2.7488881629354456
372,2.7408502282330947
377,2.7394086118584062
382,2.729604853698118
387,2.7276910209715934
392,2.7271738282095073
397,2.7210811622260898
402,2.7172043024075956
407,2.7068221313719363
412,2.7036177979488327
417,2.697565266378347
422,2.696934406492126
427,2.692534379163451
432,2.6826896736814017
437,2.6805856797230563
442,2.6731172206790084
447,2.666347674341574
452,2.666265933982309
457,2.6560235427606136
462,2.6518283491534578
467,2.648513625734907
472,2.645100012093374
477,2.632090982009587
482,2.6312387542718856
487,2.6305360167091054
492,2.621370315829469
497,2.6148601305874317
502,2.6106632313174267
507,2.6016898726234907
512,2.6008565755208335
517,2.594658757842378
522,2.588567861349769
527,2.5916455507319
532,2.579212469050765
537,2.5747997337634887
542,2.5670899718533753
547,2.5735340654316716
552,2.5644697577623523
557,2.56091204603155
562,2.5653234462293732
567,2.5559220602342108
572,2.5560878126641033
577,2.556101736810296
582,2.548287600872206
587,2.54306874835778
592,2.5410310467517627
597,2.5394146937944924
602,2.5298249778628037
607,2.533361276506801
612,2.5242954870241374
617,2.521428309340363
622,2.518464647574503
627,2.518637901889726
632,2.5142961511819353
637,2.509685952303421
642,2.5041432805914448
647,2.5015561474407226
652,2.501312210351559
657,2.4914292557711852
662,2.5008438349775624
667,2.491320564876436
672,2.4927680935959855
677,2.4877734972264527
682,2.4891632090896048
687,2.4872069114692916
692,2.4772490531707
697,2.4798928842181636
702,2.479746795919152
707,2.4685482917828483
712,2.474310516735516
717,2.469838760085488
722,2.463389942356895
727,2.4633727287281917
732,2.4681451223992927
737,2.462414119248831
742,2.456106887382432
747,2.455683175422191
752,2.4573499966831314
757,2.453096886599481
762,2.4512039372462398
767,2.4519818193962917
772,2.451247101926034
777,2.447434868084958
782,2.441775202477388
787,2.447572344179017
792,2.448618664648637
797,2.442900042939359
802,2.449056544490297
807,2.447531018472487
812,2.4464024510302487
817,2.4463910398669517
822,2.4437519087564383
827,2.4406165868007523
832,2.447071117919745
837,2.4389953011100225
842,2.444650149571854
847,2.4422133549559573
852,2.4446228106325556
857,2.4452556179112857
862,2.436829809132768
867,2.43975607456824
872,2.439431743888855
877,2.4398809627257037
882,2.4441502135153117
887,2.442057425753654
892,2.442841539865347
897,2.4443671278584613
902,2.4418281909560715
907,2.442394393632219
912,2.4460400146409653
917,2.4453861865359827
922,2.440501005260658
927,2.440724077163075
932,2.4470604368849687
937,2.441625798221822
942,2.446628307692685
947,2.4467432696360545
952,2.447659653550878
957,2.4457817333075176
962,2.4447718922625525
967,2.450025175747659
972,2.4424498582917487
977,2.445062308543657
982,2.4488217473284384
987,2.449289988381394
992,2.4534047368092438
997,2.451317597329652
1002,2.4503113537532983
1007,2.4519014131264805
1012,2.4520666303012555
1017,2.4495503375546472
1022,2.447754151062861
1027,2.4505788670517217
1032,2.4491722672418885
1037,2.4521166409926307
1042,2.452483115661408
1047,2.451204421486433
1052,2.460908344021312
1057,2.456633466946321
1062,2.451417875002088
1067,2.4536743314978775
1072,2.4528505870240456
1077,2.4555227357234406
1082,2.4589616783262223
1087,2.457331049274458
1092,2.459049043983321
1097,2.457343972456795
1102,2.4646832682573816
1107,2.457767342941166
1112,2.464338800028982
1117,2.4613266173584814
1122,2.460977948727039
1127,2.4629467083733716
1132,2.4597368367340926
1137,2.466066964586722
1142,2.4682461605349544
1147,2.4622043874469806
1152,2.464900678340014
1157,2.46428918623238
1162,2.4643503248974556
1167,2.4678566960827037
1172,2.4606161249368683
1177,2.460592886028692
1182,2.461908753491803
1187,2.464846732333249
1192,2.4674893687013664
1197,2.4599083282607257
1202,2.462358581597122
1207,2.4640504916527775
1212,2.458713351056842
1217,2.4636470487524122
1222,2.45613473852456
1227,2.4610288569225465
1232,2.4517692046731527
1237,2.463360155430514
1242,2.4584344306580643
1247,2.456947390842627
1252,2.4510047026962156
1257,2.4550937578303507
1262,2.4563405860978134
1267,2.45483087747652
1272,2.45269779637916
1277,2.4507417850977817
1282,2.4529676269096563
1287,2.4430936339260554
1292,2.452537987574729
1297,2.4489211317416046
1302,2.4469320567253683
1307,2.4465346757245454
1312,2.4499963158992095
1317,2.4501241692362274
1322,2.4428397685228416
1327,2.4408609017701965
1332,2.4424903023512594
1337,2.4412190731778916
1342,2.4383549777236717
1347,2.437537794544412
1352,2.4421012066814973
1357,2.4390525273906922
1362,2.4334554014000505
1367,2.4362358699147886
1372,2.4360432695896757
1377,2.4348126930586096
1382,2.4283140487399972
1387,2.4280583928093895
1392,2.430212481150711
1397,2.427093165975461
1402,2.427917299134611
1407,2.4246017660266994
1412,2.424631303405218
1417,2.420854133414667
1422,2.4274432343357937
1427,2.4202748522799316
1432,2.4178064722040835
1437,2.4208377281219002
1442,2.4173447621378816
1447,2.416857744893685
1452,2.416169804894787
1457,2.4170078925769714
1462,2.413383786212097
1467,2.410001667289084
1472,2.412408124236268
1477,2.4090967380522543
1482,2.4078646959787267
1487,2.4069300287667694
1492,2.4092609837027203
1497,2.4037099255556056
1502,2.403205955071372
1507,2.403880829951124
1512,2.4051642968125986
1517,2.398549086806091
1522,2.4030631826058513
1527,2.3928073042248563
1532,2.3927951435667065
1537,2.398651121573368
1542,2.393705508809231
1547,2.3974964785982693
1552,2.3976973493693046
1557,2.3943237318250112
1562,2.3914481407529946
1567,2.388882043553013
1572,2.393996920048539
1577,2.3852544164200093
1582,2.3870249934773726
1587,2.390635761580673
1592,2.3866185393104433
1597,2.3871275128162672
1602,2.384933789963385
1607,2.38369322417858
1612,2.3843922211408093
1617,2.3830600058678435
1622,2.3785947413320088
1627,2.3806244797003613
1632,2.3764285069614095
1637,2.380800806215444
1642,2.377175482528295
1647,2.372709213574402
1652,2.3755629517880292
1657,2.372770274164642
1662,2.37217920259087
1667,2.3698742942930147
1672,2.3666402455420252
1677,2.36719230848187
1682,2.3708482894658887
1687,2.3656586969854394
1692,2.366887930509094
1697,2.3677359083507272
1702,2.3654168057102276
1707,2.3646077977044198
1712,2.3643868338758414
1717,2.36034640359894
1722,2.35863361312626
1727,2.3632540101331516
1732,2.3613361037509195
1737,2.359518432926393
1742,2.355745039803304
1747,2.3531021118006628
1752,2.353403213714117
1757,2.352718165142837
1762,2.3563611099068984
1767,2.349404787869624
1772,2.3502047804432205
1777,2.350506881842686
1782,2.344688352342588
1787,2.3419706554141055
1792,2.346559657945252
1797,2.3414569066571915
1802,2.338400865978231
1807,2.33988625177349
1812,2.3377965482249814
1817,2.3396702958301745
1822,2.337405805064584
1827,2.3365802232827635
1832,2.332055341304519
1837,2.3344327600873274
1842,2.3288373215078066
1847,2.326635563899393
1852,2.3296240774303554
1857,2.3332055781344847
1862,2.324127889091885
1867,2.327032702584969
1872,2.32644444583434
1877,2.3246132407770803
1882,2.3234125002188337
1887,2.3157589882409124
1892,2.3222627599969323
1897,2.3173647239211377
1902,2.317727659061456
1907,2.3190058248103305
1912,2.3145093891922746
1917,2.316219704168409
1922,2.3085686766730404
1927,2.314437417158774
1932,2.310827028616468
1937,2.3078875901157487
1942,2.3079816263464314
1947,2.305959675872355
1952,2.312217654851649
1957,2.305268230055177
1962,2.3084766970439885
1967,2.3007312158775197
1972,2.3026755432133763
1977,2.303470084834888
1982,2.298461302892739
1987,2.29868347010956
1992,2.2971127511482505
1997,2.2993298145773395
2002,2.296433546578381
2007,2.2913554648299743
2012,2.289375919004966
2017,2.292366335147316
2022,2.2864372359319813
2027,2.284955879492344
2032,2.2839674622542403
2037,2.2893917655022324
2042,2.28491796981536
2047,2.2839614093889056
2052,2.28114768080384
2057,2.279629321973717
2062,2.2774889657701802
2067,2.278432743837549
2072,2.278553143602172
2077,2.2794113448338758
2082,2.277459679093712
2087,2.2728512744931813
2092,2.2699364398768482
2097,2.271792182197348
2102,2.273158960748622
2107,2.273623229711951
2112,2.2683382808465202
2117,2.2719212337565207
2122,2.26696588584079
2127,2.2624797557061473
2132,2.26462996253849
2137,2.2677069888576966
2142,2.2681104450740923
2147,2.2606306928440274
2152,2.261019213781031
2157,2.261422021392822
2162,2.2597134969077586
2167,2.2596835573415444
2172,2.2614279855278023
2177,2.2554506710239117
2182,2.2559167861399563
2187,2.2565272781002124
2192,2.2575281671639202
2197,2.2526804291488767
2202,2.2495796831621138
2207,2.2504853017706408
2212,2.2508599932310407
2217,2.2543260311592266
2222,2.2449769314964825
2227,2.251065474301385
2232,2.251325471046275
2237,2.247166707580155
2242,2.2482042407372176
2247,2.2459907676069513
2252,2.2470904625777894
2257,2.2461304597558587
2262,2.244400420380352
2267,2.248439220011866
2272,2.2413203372007704
2277,2.2392917070024523
2282,2.240869730641484
2287,2.246188947218656
2292,2.2400347021530336
2297,2.2450764439804884
2302,2.243710884687352
2307,2.2437305688522278
2312,2.2357030856655373
2317,2.239392593850428
2322,2.236317804082686
2327,2.2364453727510933
2332,2.237796508605497
2337,2.236840416937949
2342,2.2357570543501786
2347,2.2320191401804412
2352,2.232219704690205
2357,2.234715382254263
2362,2.228519766246388
2367,2.2293659078994223
2372,2.2303021234759273
2377,2.234190622367672
2382,2.2282086163294412
2387,2.223405565979326
2392,2.2282015156232418
2397,2.2261485470589375
2402,2.2233036051755333
2407,2.223598134532637
2412,2.224182231432237
2417,2.22284885537448
2422,2.2192640327097695
2427,2.226755406646512
2432,2.2177575414905846
2437,2.221376114186652
2442,2.2228821614694936
2447,2.217658441037917
2452,2.217247286291605
2457,2.2167106351516948
2462,2.2084426353095403
2467,2.2189316094865075
2472,2.2166541049542254
2477,2.2127001407685642
2482,2.2147050602882867
2487,2.213437303890174
2492,2.215903558650057
2497,2.2117030128675035
2502,2.2099193850756365
2507,2.2102960386698496
2512,2.2092278756356967
2517,2.211665550364276
2522,2.2076729534718713
2527,2.2069401863145535
2532,2.2076664429506505
2537,2.2065965099611224
2542,2.206938951171627
2547,2.2065660090935753
2552,2.2022111571043244
2557,2.2057905859479647
2562,2.202426368786602
2567,2.1977455425093697
2572,2.2015210988060874
2577,2.2022157298743603
2582,2.206003426211662
2587,2.2020644738265807
2592,2.198681713337563
2597,2.1972400695789926
2602,2.197081293310487
2607,2.197348979141563
2612,2.200510764758485
2617,2.1968381097727394
2622,2.1992070407133593
2627,2.1987893319852114
2632,2.1929200633858827
2637,2.197810312327729
2642,2.194360765264662
2647,2.194997422335196
2652,2.1914511789914783
2657,2.188186056863252
2662,2.1914615201672816
2667,2.1900478879297407
2672,2.188095011245485
2677,2.1931061215117165
2682,2.190226401943267
2687,2.1889829232313
2692,2.1920835885416636
2697,2.1917925167543912
2702,2.188089954083979
2707,2.187530399508944
2712,2.1862414809517894
2717,2.1882275311756847
2722,2.1856403295715583
2727,2.183467675420558
2732,2.182876553888362
2737,2.184030568900154
2742,2.182800700128199
2747,2.186957061321606
2752,2.182709265792661
2757,2.181745891286694
2762,2.1820412396521434
2767,2.177262606238185
2772,2.1801866700514445
2777,2.1812914142087605
2782,2.183208540763104
2787,2.1792780498591746
2792,2.1806705709251797
2797,2.1823754456840097
2802,2.180314635544316
2807,2.178550574663385
2812,2.178849432265177
2817,2.1791537014620124
2822,2.1779897110633324
2827,2.1826520364238156
2832,2.1792367150125536
2837,2.17998241005972
2842,2.175925944553535
2847,2.1819853312308095
2852,2.1766807614450725
2857,2.1757976945366844
2862,2.177525343987353
2867,2.1757858178617413
2872,2.171417340619851
2877,2.175234777925653
2882,2.17479738313193
2887,2.172696138454168
2892,2.1698642207718244
2897,2.17569520089668
2902,2.176168518704846
2907,2.1699890606663588
2912,2.170546507769043
2917,2.170858267191892
2922,2.1716175407157796
2927,2.168584503583012
2932,2.1704611390975717
2937,2.1708306813927005
2942,2.1652176796577565
2947,2.168982792669307
2952,2.170580170749896
2957,2.164717889262426
2962,2.169781292209757
2967,2.1677559098712393
2972,2.1668030582860465
2977,2.1633633285112848
2982,2.164550919550519
2987,2.166392405967828
2992,2.1663795290572865
2997,2.1673776824737914
3002,2.1673497551122742
3007,2.1633520671693365
3012,2.1666944471125253
3017,2.1631612222907357
3022,2.164601449306968
3027,2.163639377966141
3032,2.160411724762212
3037,2.1622169335277506
3042,2.160744706423075
3047,2.1606259048965564
3052,2.1600070003534624
3057,2.1631501342311976
3062,2.1611367872040317
3067,2.1614349629816685
3072,2.1568468808439887
3077,2.1612312803414557
3082,2.164228840964777
3087,2.1675270521140537
3092,2.1583964190434655
3097,2.1599456430299693
3102,2.162302996538825
3107,2.1621600856190155
3112,2.160182708680775
3117,2.156276724485583
3122,2.160470703244531
3127,2.1604386826519297
3132,2.156623625244016
3137,2.160955623620331
3142,2.1598405544117263
3147,2.159005930074
3152,2.1545521568576236
3157,2.1572941424172214
3162,2.1623459390731448
3167,2.1581992078251115
3172,2.157435540179693
3177,2.1618226665412723
3182,2.1617725760893833
3187,2.1616481493346806
3192,2.1582132126467504
3197,2.1586933449418444
3202,2.159026148369465
3207,2.157183609941589
3212,2.158891186798148
3217,2.165509384754516
3222,2.1583874652354473
3227,2.1595689083005722
3232,2.1598271586882225
3237,2.1582479362457847
3242,2.158007147645908
3247,2.1610481909663357
3252,2.1607883846122315
3257,2.159948198220911
3262,2.15579055877854
3267,2.1587835690584742
3272,2.1598756181849037
3277,2.156939105280378
3282,2.15764054657618
3287,2.1590679730571902
3292,2.1596293521845222
3297,2.16092686402153
3302,2.1564087125869
3307,2.1579290329547445
3312,2.1594986289130453
3317,2.162183181408443
3322,2.158529584894551
3327,2.1614562352569133
3332,2.1579937833205625
3337,2.1577998407136536
3342,2.1548879003465893
3347,2.156914826166398
3352,2.159711571857555
3357,2.1586464818696314
3362,2.1578344864252554
3367,2.1584868661606404
3372,2.1568286637572025
3377,2.1595525793703767
3382,2.1523879484687023
3387,2.160527814899425
3392,2.1584847793678312
3397,2.161645724396226
3402,2.1609922062428306
3407,2.156247235482005
3412,2.1581270554503567
3417,2.1583875700106465
3422,2.155582770757345
3427,2.1590293118261386
3432,2.1609852886968635
3437,2.1617915253721907
3442,2.160135214660488
3447,2.162365267844578
3452,2.1574784543910295
3457,2.1592365552119617
3462,2.162793292205363
3467,2.1592272407636464
3472,2.160580591629579
3477,2.158691584785068
3482,2.158570823325241
3487,2.1638070251934463
3492,2.160255173485295
3497,2.1633502417297126
3502,2.159046228977587
3507,2.157112224606343
3512,2.1615593437574283
3517,2.160670889107631
3522,2.160103172671669
3527,2.1604034371261753
3532,2.1632230109316675
3537,2.1591141393883375
3542,2.1591628647737964
3547,2.157537801566101
3552,2.163097712984201
3557,2.161804410890755
3562,2.157250118273864
3567,2.154001891372454
3572,2.157841792888427
3577,2.15956849434195
3582,2.1614902484739877
3587,2.159546948986096
3592,2.1649792445475464
3597,2.1576011027085222
3602,2.1590568278912388
3607,2.157847002517865
3612,2.162252289141367
3617,2.160274701352384
3622,2.162985796758338
3627,2.16383904936616
3632,2.1644268572116956
3637,2.159662450209098
3642,2.1632509775101876
3647,2.160949066063489
3652,2.16346020124159
3657,2.162435837604819
3662,2.1630814830211316
3667,2.1633353972907807
3672,2.1633788485909045
3677,2.168034244162678
3682,2.162499316309724
3687,2.164902371157018
3692,2.162888318904002
3697,2.16530707821672
3702,2.162090578515866
3707,2.165947762861282
3712,2.163555640779015
3717,2.1679053193157984
3722,2.1616437740370307
3727,2.1654466761707383
3732,2.166214575213361
3737,2.1649402594660203
3742,2.1633461789422093
3747,2.1641530302369913
3752,2.1608893974208434
3757,2.163248611466976
3762,2.1672030357577086
3767,2.1646873882004285
3772,2.164473494804064
3777,2.1611548529300397
3782,2.167371106623376
3787,2.1633629367872675
3792,2.164133561587892
3797,2.166847270735551
3802,2.166338198336966
3807,2.1664724533620907
3812,2.167313780142612
3817,2.1673283161748222
3822,2.165582696171949
3827,2.1664813717313436
3832,2.1697174774846
3837,2.166715941365356
3842,2.166894870034707
3847,2.167032150957849
3852,2.170583588299639
3857,2.1662901476179237
3862,2.163421346817048
3867,2.1663868905484054
3872,2.1683105997904075
3877,2.1645238209285775
3882,2.1648419653988764
3887,2.1680542778686416
3892,2.1698006618985257
3897,2.1680643033959464
3902,2.1693976523740814
3907,2.1674461441059805
3912,2.168011639345603
3917,2.1720862289163776
3922,2.1676059195946515
3927,2.171389395685683
3932,2.166635749954721
3937,2.166366525252138
3942,2.1676019263030786
3947,2.172005577311664
3952,2.1689601801331544
3957,2.169982520258851
3962,2.1711487430121466
3967,2.1693636634529296
3972,2.170761550534707
3977,2.1700392578405325
3982,2.166169756173147
3987,2.173998634367162
3992,2.1737124024341594
3997,2.1698093463429156
4002,2.1722467393048213
4007,2.1734081703606103
4012,2.1731477013164127
4017,2.1728170135041665
4022,2.171180300248894
4027,2.172657019700343
4032,2.172363222028703
4037,2.177532214740971
4042,2.170860737489163
4047,2.1712109939879496
4052,2.167851008125489
4057,2.1716592263201453
4062,2.171254762198114
4067,2.1753562565064013
4072,2.1738702012515443
4077,2.169017704600907
4082,2.174413771482376
4087,2.174336705887452
4092,2.175736468803912
4097,2.1689526987379772
4102,2.176907395258172
4107,2.1722960571981007
4112,2.1760775607945435
4117,2.177196495319971
4122,2.1774662018097155
4127,2.175843303305936
4132,2.172961651669493
4137,2.1760465273990235
4142,2.1744074000792986
4147,2.175369516496974
4152,2.176430064748269
4157,2.1749600094844173
4162,2.1736216480747665
4167,2.178089330947255
4172,2.1729448773864015
4177,2.1764481882175395
4182,2.178594947999764
4187,2.174677610385218
4192,2.1766663420660572
4197,2.178235243925412
4202,2.1765919285797737
4207,2.175894234905313
4212,2.173100429219138
4217,2.1782116536700786
4222,2.181115964275076
4227,2.178603987096243
4232,2.1792424714335596
4237,2.1797446466059993
4242,2.1753666713577124
4247,2.1817065472349775
4252,2.1803768536555888
4257,2.1746846965593902
4262,2.180305499646216
4267,2.1797898034295886
4272,2.17883272825855
4277,2.1780329086456556
4282,2.181052631717903
4287,2.1785338385238533
4292,2.17954762904755
4297,2.181464513133396
4302,2.1832454466373346
4307,2.1826980203535493
4312,2.1811901534060727
4317,2.188027495295128
4322,2.1807212359497172
4327,2.1775918082379704
4332,2.181774865006922
4337,2.181807517023499
4342,2.1794984618741005
4347,2.1796223503304946
4352,2.1819775164667297
4357,2.184560813150281
4362,2.1766264968444538
4367,2.1770774538080744
4372,2.180550609391547
4377,2.1828780602187425
4382,2.1782954562127776
4387,2.1780283303392842
4392,2.185054512936972
4397,2.1849084618195844
4402,2.182034944720177
4407,2.1828042383092536
4412,2.185635351611368
4417,2.182625949336537
4422,2.183940058584536
4427,2.1862512110487864
4432,2.1876626486929944
4437,2.184618849210519
4442,2.1865170862583208
4447,2.1844472208281287
4452,2.1831209674289327
4457,2.1863889604546576
4462,2.18534763061353
4467,2.1845697695981605
4472,2.1882113323193146
4477,2.1855821757193574
4482,2.1833879389432753
4487,2.181270415803201
4492,2.1841093132193925
4497,2.184087705579112
4502,2.1852594138835575
4507,2.1869982305276747
4512,2.185043960751717
4517,2.189960915866865
4522,2.1834076232993955
4527,2.186836160101438
4532,2.1832871981991886
4537,2.1868781117344085
4542,2.184711352113204
4547,2.1865423596035085
4552,2.185545629278219
4557,2.185618475487225
4562,2.1884566822205596
4567,2.1867704078124146
4572,2.186681193934326
4577,2.188175727088072
4582,2.1861521827875303
4587,2.1877552366501933
4592,2.1857028118996356
4597,2.1866630662788276
4602,2.187188915434052
4607,2.1870757963051553
4612,2.185736023500562
4617,2.1876716200115456
4622,2.1924889663071028
4627,2.1877076302849066
4632,2.188218364531308
4637,2.1877162540939983
4642,2.184065692151342
4647,2.1857173028094032
4652,2.1866113305130517
4657,2.188054003061449
4662,2.188212114685054
4667,2.1860779744455208
4672,2.191107164264474
4677,2.187031128168797
4682,2.1845698088946652
4687,2.1891212951905277
4692,2.1889811757865085
4697,2.1899688306533736
4702,2.187162006247822
4707,2.186751529870128
4712,2.1847118429442762
4717,2.186135257759328
4722,2.1841343774341047
4727,2.1854320052526295
4732,2.1866206203880014
4737,2.1893622397996326
4742,2.185237749884673
4747,2.186568149158766
4752,2.190400822679619
4757,2.1876520157773682
4762,2.1874813759662692
4767,2.187530147768785
4772,2.183100755739598
4777,2.1886373414520444
4782,2.1883338656550593
4787,2.184112292092626
4792,2.18637634286755
4797,2.18819187275843
4802,2.1802100139822023
4807,2.185954668054626
4812,2.189797865759457
4817,2.1883687808238417
4822,2.186473927769851
4827,2.184548191877877
4832,2.1841196734590116
4837,2.185092328768434
4842,2.186390352932524
4847,2.1804817423798677
4852,2.183276010446908
4857,2.1849520738121058
4862,2.184805241068554
4867,2.1861993611966164
4872,2.1829936875918197
4877,2.183287382426144
4882,2.186240861170523
4887,2.1844205981336313
4892,2.183880232862267
4897,2.1826041552018705
4902,2.1827575299609627
4907,2.1836886570036063
4912,2.186518035380212
4917,2.183048363856172
4922,2.1793765859911973
4927,2.183690487916156
4932,2.180996778376642
4937,2.180321805107998
4942,2.183204934898368
4947,2.1847132914161653
4952,2.184066530236276
4957,2.1811657665662025
4962,2.1846497946198062
4967,2.1841447760145978
4972,2.1824280350669776
4977,2.182881482008798
4982,2.1858021808801325
4987,2.1816939725294224
4992,2.181868358158824
4997,2.1824133980257177
5002,2.1853271175060867
5007,2.178096925919638
5012,2.179661813051842
5017,2.186408322137944
5022,2.180127661722032
5027,2.1794494107866544
5032,2.1816317663150553
5037,2.1794940059796915
5042,2.180355711357974
5047,2.178552136467313
5052,2.179195049755476
5057,2.179558281855992
5062,2.1835627929396098
5067,2.182709751679821
5072,2.178879490938117
5077,2.1762608471563403
5082,2.179332525070617
5087,2.181347222149857
5092,2.1780751030329784
5097,2.179335601890455
5102,2.1803734906421046
5107,2.1795240842325296
5112,2.1782723430366118
5117,2.1794248455074685
5122,2.1798921821640014
5127,2.1777695348805977
5132,2.1776950835459896
5137,2.1802262295570536
5142,2.177025669098465
5147,2.1759597892548914
5152,2.176683061692213
5157,2.178682467864933
5162,2.1753706013143868
5167,2.177051229682356
5172,2.174163677865689
5177,2.174750627604165
5182,2.1782836100251353
5187,2.178767584056797
5192,2.175321621216179
5197,2.1740070392457924
5202,2.1749484515191724
5207,2.1760767779406827
5212,2.175403074823678
5217,2.176154150863907
5222,2.1795970249631496
5227,2.176860050573917
5232,2.1716760655457814
5237,2.1749565647286757
5242,2.171330671941223
5247,2.173123941577843
5252,2.1751886783715286
5257,2.174772291430329
5262,2.1716932358460794
5267,2.1702874179733684
5272,2.1745658266201042
5277,2.1738473154108373
5282,2.172027321318873
5287,2.1780055251897137
5292,2.1711003823761525
5297,2.173484133071482
5302,2.17217680456175
5307,2.174456655087534
5312,2.174826662137906
5317,2.171573537196067
5322,2.170832558409683
5327,2.169042840946562
5332,2.172088373062534
5337,2.173544293808685
5342,2.1711078698578605
5347,2.172953010607004
5352,2.16826450922795
5357,2.1746131251616463
5362,2.171007384849065
5367,2.17016519683369
5372,2.1691603953752656
5377,2.172888353790249
5382,2.1704269135643686
5387,2.1703975867058145
5392,2.168143513783596
5397,2.169678825562002
5402,2.1683620332564053
5407,2.1675767388295597
5412,2.170491362786011
5417,2.16816312412483
5422,2.1711091551044803
5427,2.167435839071024
5432,2.163194669717552
5437,2.167243092452017
5442,2.1703234802782023
5447,2.1632803944445187
5452,2.1672510212787723
5457,2.1658098803081187
5462,2.165437541153204
5467,2.1632610851060843
5472,2.1656955593575695
5477,2.166277972659255
5482,2.161747202501393
5487,2.161976637375135
5492,2.16784079366771
5497,2.166821251334459
5502,2.1629599143731606
5507,2.165786961761311
5512,2.1653803780761636
5517,2.1607801137050484
5522,2.1603514038219513
5527,2.161942597449699
5532,2.163546753864755
5537,2.1637700334479555
5542,2.1644209179877545
5547,2.1622987007541177
5552,2.160736858724003
5557,2.165509219083479
5562,2.1620939988440897
5567,2.166102316241432
5572,2.1625500159754405
5577,2.1618439872824906
5582,2.1589790354510674
5587,2.1612418642411275
5592,2.163618124848598
5597,2.1603663336636
5602,2.1575245421950626
5607,2.161843887744345
5612,2.162473669773602
5617,2.156119420126978
5622,2.161458646577188
5627,2.1587152904586695
5632,2.1583097248796017
5637,2.1575664900112206
5642,2.1593785561983068
5647,2.162225530759557
5652,2.159471229530552
5657,2.1593006571448314
5662,2.1574336666807254
5667,2.16025253175359
5672,2.157160036182005
5677,2.1564403012600417
5682,2.1538583305623424
5687,2.155805306265272
5692,2.1570601440790553
5697,2.158845700448191
5702,2.1528815200165767
5707,2.1563441088980873
5712,2.1537995849730946
5717,2.1517099508393844
5722,2.1575997401099896
5727,2.1569057181756404
5732,2.1529178109022733
5737,2.1572583963854677
5742,2.1560748272233723
5747,2.1563241609494814
5752,2.15289082546924
5757,2.1519046856540127
5762,2.151019003331698
5767,2.149680313897517
5772,2.151051525864645
5777,2.1477984038931326
5782,2.154180424200535
5787,2.151828929319059
5792,2.151731624074807
5797,2.151927110500591
5802,2.1522685297272584
5807,2.151116594476558
5812,2.1528193121977317
5817,2.147907732493083
5822,2.148302043684257
5827,2.1501880394565336
5832,2.1508623856380753
5837,2.153008112868882
5842,2.149581755772801
5847,2.150091589050508
5852,2.153002005755257
5857,2.1507519182587265
5862,2.151419608140525
5867,2.1492084128794176
5872,2.1484178333157185
5877,2.1460944518125857
5882,2.1457469385504635
5887,2.145457138216252
5892,2.1503470885721105
5897,2.147514308455704
5902,2.1488767100963333
5907,2.1513074391217892
5912,2.147942145676642
5917,2.149049336021313
5922,2.1452803164470047
5927,2.146726102348895
5932,2.1461886318657672
5937,2.1453621980355337
5942,2.1450200547875826
5947,2.1462489997096177
5952,2.145452868825607
5957,2.1468728463318696
5962,2.1449258775010493
5967,2.1445024333185745
5972,2.140771355752654
5977,2.139943045614648
5982,2.141594776892723
5987,2.1435809205815524
5992,2.144311173989974
5997,2.1424228327883483
6002,2.1420905755469746
6007,2.1426386336230037
6012,2.141292645270041
6017,2.142920041811932
6022,2.1447285324677865
6027,2.1431382072695038
6032,2.1416682468360726
6037,2.142051852114284
6042,2.138385028854267
6047,2.138145727509796
6052,2.140941164864997
6057,2.1385761041518445
6062,2.14094914416093
6067,2.138059275106999
6072,2.14079810275353
6077,2.1379574114168625
6082,2.138852872839342
6087,2.1361665193183166
6092,2.1368348389859064
6097,2.136652711313572
6102,2.1358809393064924
6107,2.137793331525426
6112,2.1368902068139297
6117,2.137120301683775
6122,2.1345830755067565
6127,2.1381140255411775
6132,2.139274445485145
6137,2.135098072707946
6142,2.136589954736603
6147,2.1379587458681475
6152,2.1368331680041996
6157,2.134804510776447
6162,2.134057880131083
6167,2.138531823906648
6172,2.131363441460568
6177,2.132327971082484
6182,2.1339585532493177
6187,2.136275253957759
6192,2.1363755584848847
6197,2.1365409821044565
6202,2.1298989276125044
6207,2.1338045862860726
6212,2.134979631888034
6217,2.1349312006518053
6222,2.1345689545307893
6227,2.1330116243693897
6232,2.1301265190428955
6237,2.1339474943987407
6242,2.131398592880465
6247,2.135126324115004
6252,2.1341287599004097
6257,2.1311733257312895
6262,2.1300849443440293
6267,2.131905963358893
6272,2.136108230466334
6277,2.1337237990023428
6282,2.1326892047152053
6287,2.1335981808520694
6292,2.130174605156313
6297,2.1289215669389243
6302,2.1321222098495416
6307,2.124418834479348
6312,2.130160702345228
6317,2.128969411861789
6322,2.131202038579211
6327,2.1344747698534943
6332,2.128976531314319
6337,2.1298058222009466
6342,2.1310850077244394
6347,2.124070513933981
6352,2.130091592263074
6357,2.128571815888171
6362,2.1303982385125475
6367,2.1270243171038485
6372,2.12855097785983
6377,2.12809650652045
6382,2.126206917805059
6387,2.125387227295066
6392,2.1236474711342166
6397,2.121578700852097
6402,2.1267668331643566
6407,2.1259329980165296
6412,2.1269614196034667
6417,2.1237796774600923
6422,2.1274340466003387
6427,2.12628784833614
6432,2.1225637187719553
6437,2.127835218528704
6442,2.123627195405323
6447,2.1237243448102374
6452,2.124531454411429
6457,2.1208305925110094
6462,2.124353009829997
6467,2.126576335272839
6472,2.1214344620821786
6477,2.1263886589667083
6482,2.1244373816430837
6487,2.1196798152317973
6492,2.119038425312371
6497,2.121302935774492
6502,2.1228985687988655
6507,2.1203086181994326
6512,2.123066770430471
6517,2.1166272824366534
6522,2.122194902302501
6527,2.1223773198826086
6532,2.122286412814281
6537,2.122456668390204
6542,2.116495203452834
6547,2.1199711386216427
6552,2.119478891496735
6557,2.124928268211886
6562,2.118457660998752
6567,2.119900564234578
6572,2.121589842231546
6577,2.115399457507531
6582,2.116206008087563
6587,2.1188490788273473
6592,2.1166478225487726
6597,2.1136716628704746
6602,2.11558967279686
6607,2.1169419930556934
6612,2.1188070219535584
6617,2.114699032657523
6622,2.118975558962706
6627,2.118530679448437
6632,2.1151311545875955
6637,2.113685206506034
6642,2.1137229491677276
6647,2.1165281235318827
6652,2.112646853633581
6657,2.1148022719451878
6662,2.115501495765782
6667,2.1150572683998603
6672,2.1103233383855837
6677,2.115439004696627
6682,2.1143982358378985
6687,2.1158853285638837
6692,2.1113702281199536
6697,2.1134567382158687
6702,2.113763202854763
6707,2.1156440506511505
6712,2.1108353398629145
6717,2.110430816525963
6722,2.1112208312691956
6727,2.111254522008431
6732,2.1112852097004886
6737,2.109349811801149
6742,2.109545125746789
6747,2.110224092287361
6752,2.103302618841607
6757,2.1097074404444576
6762,2.110113755247615
6767,2.104918748478997
6772,2.110025425473979
6777,2.1062967255926726
6782,2.1090930651295943
6787,2.1092315825658137
6792,2.1064009342212064
6797,2.1099831693598503
6802,2.110192308946884
6807,2.1109821868865843
6812,2.106505607928525
6817,2.1083105127584285
6822,2.108204811205033
6827,2.107693968406211
6832,2.104804978135619
6837,2.105337185820796
6842,2.1030695852965984
6847,2.105744658780022
6852,2.1095031516539775
6857,2.105839282401065
6862,2.106311971490903
6867,2.1059413171733206
6872,2.1050062092885824
6877,2.108504784837089
6882,2.1071632712305832
6887,2.099811096549139
6892,2.101272649686719
6897,2.1008466425513572
6902,2.1042076006060624
6907,2.1007112441599616
6912,2.1062507167335056
6917,2.1030826078018356
6922,2.1015402931478473
6927,2.103557954432218
6932,2.0983159238952314
6937,2.1033040640628586
6942,2.1027877299064444
6947,2.0986455166082107
6952,2.0985404237454293
6957,2.1018455068480657
6962,2.1008252649198824
6967,2.097812426622396
6972,2.09726448940802
6977,2.1024994846483027
6982,2.096288295533651
6987,2.1017375437700263
6992,2.0985377969648873
6997,2.099393826358258
7002,2.0962899161459956
7007,2.0948948118192736
7012,2.099634370806239
7017,2.097885652594903
7022,2.1021831806662394
7027,2.0998819032985288
7032,2.098232856497706
7037,2.0964467251077368
7042,2.0952627142968376
7047,2.099295482836441
7052,2.098687919958135
7057,2.095228247213582
7062,2.096783827595981
7067,2.0956042867632347
7072,2.0971799232852804
7077,2.095379988472292
7082,2.095761415456876
7087,2.091919561134483
7092,2.09522920909064
7097,2.09562735674339
7102,2.0917132168255796
7107,2.0925041276098915
7112,2.0915523168831256
7117,2.0939293669095407
7122,2.092619642460305
7127,2.0927678156260976
7132,2.090298940464092
7137,2.088173311391456
7142,2.0908213812264465
7147,2.092708971333868
7152,2.091284347594503
7157,2.089145846433984
7162,2.0905262967024245
7167,2.091098732602397
7172,2.0899745335389626
7177,2.0886627760751515
7182,2.0930363549304927
7187,2.0876205645987143
7192,2.0856636311049197
7197,2.0888943421965194
7202,2.0900849270618673
7207,2.0883510244954078
7212,2.088289988279287
7217,2.084852476471685
7222,2.085620717110698
7227,2.0852614381811
7232,2.0859718012906217
7237,2.0869007113000246
7242,2.084447208226349
7247,2.0855881096046267
7252,2.08706787742451
7257,2.083245310455173
7262,2.085129684782829
7267,2.085296850718047
7272,2.0849936051669515
7277,2.0833580898077493
7282,2.0831504576176054
7287,2.0801334900388597
7292,2.0811232144557974
7297,2.0858134853391483
7302,2.07617788785399
7307,2.083559791366502
7312,2.0812345839391524
7317,2.086065810977254
7322,2.0805582455181413
7327,2.0828202023961206
7332,2.083061134094072
7337,2.0790628743590376
7342,2.077827096237309
7347,2.07987385747962
7352,2.079603688074253
7357,2.0797711876727587
7362,2.079435462872119
7367,2.078899032773994
7372,2.080406377674085
7377,2.079619173845027
7382,2.075602090967474
7387,2.0778111120453455
7392,2.0751602071841155
7397,2.0760869584695154
7402,2.0753185155211034
7407,2.075752997191409
7412,2.0755468234594865
7417,2.0729049116232963
7422,2.074453463753878
7427,2.074781846748186
7432,2.0710877578152647
7437,2.070755150115203
7442,2.0702656312287235
7447,2.0734548599191585
7452,2.0709065692731614
7457,2.0730054977497505
7462,2.0699751972549727
7467,2.071297716171054
7472,2.0718314910963116
7477,2.0713695831397425
7482,2.0746849238222573
7487,2.0715642374527627
7492,2.075409961795382
7497,2.067502963974769
7502,2.0715971197918783
7507,2.0731794096986054
7512,2.0712356071231355
7517,2.070263667017684
7522,2.070070643897546
7527,2.068769315188516
7532,2.0683663434199557
7537,2.0714334668039522
7542,2.0684967254929743
7547,2.0679815431270576
7552,2.0649179128318322
7557,2.068464723103291
7562,2.067590137413158
7567,2.066571777436574
7572,2.0659410758977317
7577,2.0651688570859164
7582,2.064943540305678
7587,2.0656233033864027
7592,2.069046473764368
7597,2.06574078341771
7602,2.06706628282603
7607,2.065935986277207
7612,2.0626414924848087
7617,2.066626152713428
7622,2.0635785128626414
7627,2.0673399907529713
7632,2.0682465127419762
7637,2.064080391271649
7642,2.062898943345746
7647,2.063497370407623
7652,2.0653910454577766
7657,2.065917632427806
7662,2.060565669590375
7667,2.062902941392502
7672,2.0622138992327232
7677,2.0641785672277044
7682,2.06347084454054
7687,2.063390156742801
7692,2.060471765511321
7697,2.065444119386149
7702,2.0605314163028483
7707,2.059650159525042
7712,2.0631903466228403
7717,2.0601928744130675
7722,2.0583169354167223
7727,2.0605556171070796
7732,2.0644394687150465
7737,2.0607702632060523
7742,2.0553769685259216
7747,2.0574105367770357
7752,2.059368145061426
7757,2.061406934772151
7762,2.0569933252472916
7767,2.055980313586779
7772,2.05859012054183
7777,2.059767477447735
7782,2.056641551260793
7787,2.0568359656845696
7792,2.0546386308789812
7797,2.056263751036624
7802,2.0577907421034016
7807,2.0570490383174627
7812,2.054850365736474
7817,2.0580423601265614
7822,2.052551723352504
7827,2.059496513903232
7832,2.0520501578708386
7837,2.051007850062261
7842,2.0549165992034424
7847,2.0496904046925875
7852,2.0529621981042765
7857,2.053417445873906
7862,2.052589087635046
7867,2.054520915527525
7872,2.0520003864244494
7877,2.049449099575895
7882,2.0531943022366366
7887,2.052369916831943
7892,2.0522437635730406
7897,2.049579948891914
7902,2.053390813638896
7907,2.0505281150964363
7912,2.0508232020452257
7917,2.0471528303155533
7922,2.0489135070524207
7927,2.0508236538958764
7932,2.048720598996241
7937,2.048999287590904
7942,2.051936989778745
7947,2.0469725276281987
7952,2.04649375767954
7957,2.047764925907139
7962,2.0490500384682453
7967,2.0485137453843776
7972,2.044190367295882
7977,2.0470416203758823
7982,2.047808992975533
7987,2.0454269681480612
7992,2.0449146810720418
7997,2.0467938733906754
8002,2.045546712301994
8007,2.045580343345878
8012,2.041529952517412
8017,2.044233029925477
8022,2.0437750576756955
8027,2.045256314170195
8032,2.044246818479818
8037,2.0445275900262354
8042,2.0468674996813627
8047,2.0436496909801884
8052,2.0424077880048594
8057,2.040859151861913
8062,2.041328067497878
8067,2.040566627504045
8072,2.041008626656329
8077,2.039756358367233
8082,2.0439626209526773
8087,2.0406135188819894
8092,2.036509596724755
8097,2.0445802501365127
8102,2.0406692701656577
8107,2.039840642211567
8112,2.038835681232813
8117,2.03815208613338
8122,2.031646355827758
8127,2.038744133035894
8132,2.038680397517076
8137,2.0413785565770435
8142,2.041366772357096
8147,2.0393143525275588
8152,2.0373430567589343
8157,2.036849526328481
8162,2.0347431169239814
8167,2.0355754549212914
8172,2.035997031947847
8177,2.0359731890028008
8182,2.0332419943440194
8187,2.0365549318747744
8192,2.034543792255108
8197,2.036004480542222
8202,2.031630071384497
8207,2.0363165639384158
8212,2.0374060435461363
8217,2.035300065243568
8222,2.033510007834327
8227,2.030650765559936
8232,2.033911254055446
8237,2.0337990538080173
8242,2.0340717867972424
8247,2.0318059238648334
8252,2.0323945427648127
8257,2.0296752538715985
8262,2.027723679278283
8267,2.0278148688486626
8272,2.032323366698863
8277,2.028796397726814
8282,2.0284252733893275
8287,2.030569230385333
8292,2.03018554571479
8297,2.0310500847735087
8302,2.0302484981988944
8307,2.028553535881265
8312,2.029845559434443
8317,2.0297750936491097
8322,2.0297333133482613
8327,2.0286463628077263
8332,2.026387991287828
8337,2.0276652986330626
8342,2.029004720421232
8347,2.0283925882933023
8352,2.026264032126148
8357,2.027245796763192
8362,2.029363568510375
8367,2.026724052696357
8372,2.0277850994117324
8377,2.02626133058914
8382,2.026820373341776
8387,2.023313159735411
8392,2.026266361466512
8397,2.0230513414545457
8402,2.0249743614452473
8407,2.024615142113536
8412,2.023212765812277
8417,2.02225286141785
8422,2.024826812795903
8427,2.0232119241498423
8432,2.022991017850655
8437,2.024092452049716
8442,2.0252233952808956
8447,2.0234475247297135
8452,2.0222738285019974
8457,2.0249845691290562
8462,2.019914368845635
8467,2.0225153547917216
8472,2.024082813519243
8477,2.0228780360287053
8482,2.021507559485132
8487,2.0220238955277865
8492,2.01707769465315
8497,2.021816455007406
8502,2.0211934804028706
8507,2.0187846085780983
8512,2.022434221182134
8517,2.019470047524273
8522,2.020435129899991
8527,2.0157833089116584
8532,2.020056867005155
8537,2.0175887042504095
8542,2.017804368806289
8547,2.023919153075768
8552,2.017771567932553
8557,2.0203345377581017
8562,2.0203334951012684
8567,2.0187634571260653
8572,2.018192918452968
8577,2.018482740212933
8582,2.0173934447520123
8587,2.016264261144592
8592,2.01767448038662
8597,2.0179565875365415
8602,2.020966700177885
8607,2.017732551482563
8612,2.0161665481912237
8617,2.0166463949171405
8622,2.014095176769666
8627,2.0171008008182243
8632,2.0166302227323643
8637,2.0192666146523526
8642,2.0168612176528637
8647,2.0155380047467863
8652,2.0169610361785413
8657,2.0148241751584552
8662,2.013411460143598
8667,2.014734643422326
8672,2.013124304731218
8677,2.009340956429468
8682,2.0122559551130075
8687,2.0099183233270175
8692,2.0111989721329264
8697,2.0117620497763022
8702,2.017792960154916
8707,2.016005394462066
8712,2.0117087258797683
8717,2.0128573610330602
8722,2.014400516957514
8727,2.009035403534921
8732,2.0090344456712406
8737,2.0106358661191757
8742,2.012940678365673
8747,2.01463226352757
8752,2.012004995476379
8757,2.008551155614473
8762,2.009854921737632
8767,2.011611446836707
8772,2.010205317647363
8777,2.0086121799488565
8782,2.0097877998799722
8787,2.0077781791361944
8792,2.010080900192008
8797,2.0097231433667804
8802,2.0054250164660727
8807,2.0083425366282945
8812,2.00473020131899
8817,2.0082848310216925
8822,2.0102850349754973
8827,2.0098861673627506
8832,2.0069390045193263
8837,2.0072287701731617
8842,2.0079224819752564
8847,2.0091741824523037
8852,2.0116040684162204
8857,2.0089780317856007
8862,2.0073598846638743
8867,2.008013181943489
8872,2.005530014623652
8877,2.0045657725223247
8882,2.0046294730765823
8887,2.005915938565194
8892,2.006569544985596
8897,2.0072848087800437
8902,1.999936249552037
8907,2.0039748770521237
8912,2.004981637053148
8917,2.005290093546212
8922,2.008120704669632
8927,2.005017391834638
8932,2.0058622848812404
8937,2.0039058118716477
8942,2.0045446621059444
8947,2.0061008907987685
8952,2.0094068379542036
8957,1.999757943562628
8962,2.0023820955845806
8967,2.001900066476511
8972,2.0070669689441507
8977,2.0047557673925818
8982,2.0042892771350798
8987,2.006534996925228
8992,1.998914355854449
8997,2.004696769969047
9002,2.0018359365662914
9007,2.001719654560533
9012,2.0053590836932766
9017,2.003660588242803
9022,2.0016678256852787
9027,2.00180848685576
9032,2.0051520174928084
9037,2.0071254741422306
9042,2.001680192230563
9047,2.000952533486546
9052,2.0000484913301335
9057,2.0008796635183184
9062,2.0001366158000318
9067,2.000931944355223
9072,2.0009262933271876
9077,2.0054801180199173
9082,1.9987145816389609
9087,2.0036611025900783
9092,2.002418830399145
9097,2.0018268372718264
9102,1.9963546153431933
9107,2.000731221296113
9112,2.002170261679887
9117,1.9990631210878385
9122,1.9998216475689345
9127,1.9998901549999948
9132,1.9999604194090277
9137,1.9989992794626543
9142,2.002788762122141
9147,1.999772824582009
9152,1.9925099338150394
9157,1.9943937004560397
9162,1.999755896745419
9167,2.0001437168089082
9172,2.0006976528840514
9177,1.9998698174928968
9182,1.997515943243773
9187,1.9969027057754758
9192,1.9945002696127188
9197,1.995675421888511
9202,1.9983396150247617
9207,1.9971875787020938
9212,1.998423474775947
9217,1.9974007277841066
9222,1.9982490843736984
9227,1.9936376449600337
9232,1.9960339187263267
9237,2.000666176285116
9242,1.9951223553697406
9247,1.9977764992449645
9252,1.9945128911163568
9257,1.99522044057583
9262,1.993006440652241
9267,1.9961186585000676
9272,1.9956437649905394
9277,1.9961225083819933
9282,1.995575771213105
9287,1.9969506254850287
9292,1.9925989264015185
9297,1.9966686327354521
9302,1.9951951474121743
9307,1.9917061575352764
9312,1.9928619644169252
9317,1.991906154617528
9322,1.9961210431510026
9327,1.998794408400849
9332,1.9957054893894262
9337,1.9914713283107817
9342,1.9904674324013631
9347,1.9921441507259552
9352,1.9932778791967516
9357,1.9949088404621371
9362,1.9911128493442072
9367,1.990609512211958
9372,1.9926736987669162
9377,1.9924737950136477
9382,1.9923304978162126
9387,1.9912145271745263
9392,1.9865618389933364
9397,1.9861154238057233
9402,1.9926832837950255
9407,1.9916529492194204
9412,1.9918178643784092
9417,1.9883009290737312
9422,1.9918099587261238
9427,1.9868611998434793
9432,1.9868958693069376
9437,1.9895531512439633
9442,1.9872750617700032
9447,1.9896365802404221
9452,1.992928308889659
9457,1.9856338050533757
9462,1.9923882577365497
9467,1.9880422539669433
9472,1.9887858974923163
9477,1.9886840387981948
9482,1.9891936458532629
9487,1.988447444969585
9492,1.990001975714876
9497,1.9875338720613245
9502,1.9872879890184634
9507,1.9846396930769716
9512,1.9865406021217442
9517,1.98952128719937
9522,1.9854901457582608
9527,1.989674613506145
9532,1.9845706829799732
9537,1.9869471454581873
9542,1.981975428767823
9547,1.9881299908243304
9552,1.9856002532055128
9557,1.9857429557599209
9562,1.9844863228971337
9567,1.9865410018829301
9572,1.9848508389891024
9577,1.9851137668781396
9582,1.984355139571789
9587,1.9825948968424014
9592,1.9827788772951775
9597,1.985824574038559
9602,1.981459912439839
9607,1.9845507132807423
9612,1.9848165133936986
9617,1.9820794956695114
9622,1.9825215997339998
9627,1.9831704508155303
9632,1.983774373505328
9637,1.984528736033893
9642,1.9820836058744358
9647,1.985812039712076
9652,1.9837025110924846
9657,1.9842923650061013
9662,1.9828074750028426
9667,1.983918140749568
9672,1.9825487975907963
9677,1.9817178386920526
9682,1.9802080176892731
9687,1.980692604936978
9692,1.983293854141608
9697,1.9848767435033583
9702,1.9818451087941982
9707,1.9807370390167254
9712,1.9765839921570891
9717,1.981609747647652
9722,1.978443580259119
9727,1.984255276074389
9732,1.976984082656212
9737,1.9792287791407146
9742,1.9782651154006736
9747,1.981423220201997
9752,1.9815215843166776
9757,1.9819467310082697
9762,1.9833774312516577
9767,1.978714928188938
9772,1.9781439786902573
9777,1.9798938418999126
9782,1.9790800776922872
9787,1.9828040559949431
9792,1.9789595541335296
9797,1.98097169380975
9802,1.9817478319980704
9807,1.981439171638625
9812,1.9788303902323279
9817,1.97734219061338
9822,1.9784338331346867
9827,1.977754232428816
9832,1.976576287413364
9837,1.979147349113499
9842,1.978196844458326
9847,1.9767686898760406
9852,1.9745576877633493
9857,1.9812009364764336
9862,1.9764568751046179
9867,1.9771452812943813
9872,1.976293907659441
9877,1.9764660385469857
9882,1.976288415265194
9887,1.9772033655956447
9892,1.9742761638845587
9897,1.973905070922964
9902,1.972722630885847
9907,1.9759216703462066
9912,1.9783723214499054
9917,1.9750426422429264
9922,1.9772813402618359
9927,1.9784903322899228
9932,1.980672272040884
9937,1.9746918569267433
9942,1.9776198562366776
9947,1.9769576028046911
9952,1.9738811070368651
9957,1.9752664211292534
9962,1.9784823828595237
9967,1.9779637195698914
9972,1.9756935358348044
9977,1.9735823352744448
9982,1.9787772275625308
9987,1.9709113090914978
9992,1.9703804656419142
9997,1.9757518676514787
10002,1.977006539592933
10007,1.9703631663090604
10012,1.9709541053463295
10017,1.9727693636751702
10022,1.9721115739065098
10027,1.9715115063259432
10032,1.97312511994789
10037,1.9737253024321335
10042,1.97261933449497
10047,1.970971768035492
10052,1.9743565513511925
10057,1.9749501999938497
10062,1.9690126542318467
10067,1.9700108479634784
10072,1.9757528649489786
10077,1.9679692401377755
10082,1.969994645894976
10087,1.9719663599494766
10092,1.9716095191625629
10097,1.9715656484708959
10102,1.969915841816556
10107,1.9725971037583148
10112,1.9724004399269022
10117,1.968837335788065
10122,1.9698932570068042
10127,1.971229128668037
10132,1.9715102117122734
10137,1.9716292670546613
10142,1.9702245042533628
10147,1.9676620066278097
10152,1.9707060078476069
10157,1.9713580088423814
10162,1.9664004410458555
10167,1.9698475605800359
10172,1.9693621656957732
10177,1.9677043729424217
10182,1.9691258514523557
10187,1.9746014976936925
10192,1.9652778220415177
10197,1.9671718646050904
10202,1.9691765416207014
10207,1.9710162098953752
10212,1.9700222041912423
10217,1.9693457236073022
10222,1.9669553648198266
10227,1.965828030530094
10232,1.9714334068442874
10237,1.9632883757814026
10242,1.9685393493703462
10247,1.964434055205409
10252,1.9658777497173554
10257,1.965462714244852
10262,1.9692824246452603
10267,1.9654396487115677
10272,1.9711501846828459
10277,1.967160652855081
10282,1.9670288586039235
10287,1.9658312518296948
10292,1.9676301514103407
10297,1.9659641841324644
10302,1.964590378598151
10307,1.962873936710926
10312,1.9645564303191339
10317,1.9648875522740343
10322,1.9623721059107506
10327,1.9658179907375835
10332,1.9632165800868508
10337,1.967191748292177
10342,1.9635379496400323
10347,1.963242446457826
10352,1.9643285849328054
10357,1.9672018585445739
10362,1.9666398838253238
10367,1.9622355829424551
10372,1.9617240579225235
10377,1.9618723378209695
10382,1.9662222566559615
10387,1.9621246383830377
10392,1.9643486762771025
10397,1.9664006016217703
10402,1.96200513046668
10407,1.9638821383356866
10412,1.9639584737645417
10417,1.9617015002135216
10422,1.9665255003372981
10427,1.961931944804135
10432,1.965874089599882
10437,1.9613266736333885
10442,1.9630089394173897
10447,1.9648385200942255
10452,1.966002944316339
10457,1.9643255610349506
10462,1.9608090405279814
10467,1.9626357621864905
10472,1.9606258706985176
10477,1.9606967139389655
10482,1.9622994211426064
10487,1.9593935545298482
10492,1.96225271500698
10497,1.9606056658010926
10502,1.9601646564502964
10507,1.95973308004026
10512,1.9651881646053173
10517,1.9636484429061813
10522,1.9597061698643194
10527,1.9597450323729622
10532,1.9610842198878495
10537,1.960410479124161
10542,1.9633761443111877
10547,1.959474760115385
10552,1.9581448228246112
10557,1.9623803315766275
10562,1.959650146259247
10567,1.958163022230205
10572,1.959380352731906
10577,1.9634777577046265
10582,1.9591493364386074
10587,1.9617962420213613
10592,1.9631129592535894
10597,1.962133664315618
10602,1.9584347188921694
10607,1.9560453912421791
10612,1.9543133426758856
10617,1.9607324624116855
10622,1.9605039714730519
10627,1.9606449752377313
10632,1.9573871113236598
10637,1.9596992317193969
10642,1.9592876285819247
10647,1.9546998356699186
10652,1.9572548850303835
10657,1.9605175630830463
10662,1.958656980006055
10667,1.958860733887802
10672,1.9563460609384833
10677,1.9583797292791059
10682,1.9576474088105553
10687,1.9562688728170712
10692,1.956917532413537
10697,1.960179453700116
10702,1.9570264681535838
10707,1.9547532509110779
10712,1.955485714232825
10717,1.9574281620757052
10722,1.9582005514966339
10727,1.9562869075979388
10732,1.9558280163093233
10737,1.9575354659608073
10742,1.9572130744001208
10747,1.9592154840916396
10752,1.9577353658050196
10757,1.9574052223832958
10762,1.9564794270756178
10767,1.9572318322464823
10772,1.9551478685069328
10777,1.9585419772957453
10782,1.9577877645876431
10787,1.954645897988598
10792,1.9569744717014685
10797,1.9556365583895128
10802,1.9546605784306206
10807,1.9529782850628326
10812,1.9573347808019632
10817,1.953101368601523
10822,1.954675644468186
10827,1.9530344664638921
10832,1.9556018449074786
10837,1.9537552523376256
10842,1.9580106154617227
10847,1.9540161961677018
10852,1.9522046964979076
10857,1.9556038927216606
10862,1.9533690640176216
10867,1.9547889362855573
10872,1.9569573064836459
10877,1.9548337921565528
10882,1.9541142995611203
10887,1.9538150293350771
10892,1.9519842903995128
10897,1.958704005606495
10902,1.9508495422662362
10907,1.9511364130131061
10912,1.9518523221047057
10917,1.952896244356735
10922,1.9528638185589542
10927,1.9516669724446136
10932,1.9515024583421225
10937,1.9534753502667517
10942,1.9562565709439086
10947,1.948196052808298
10952,1.9514916924122492
10957,1.947899626130096
10962,1.9513048539351745
10967,1.9514718557641941
10972,1.9540682540818726
10977,1.9534560344766145
10982,1.951342187082143
10987,1.9510727956018077
10992,1.9495546984442766
10997,1.9481256858191571
11002,1.9508523375022782
11007,1.9497297774939584
11012,1.9547792224187504
11017,1.9523098049537881
11022,1.9515205777072187
11027,1.9498701780771601
11032,1.9540045308039002
11037,1.9518078588289878
11042,1.952525301257895
11047,1.9520341202607336
11052,1.9500984850529188
11057,1.9488850462021479
11062,1.9500730400450434
11067,1.9509957431683367
11072,1.9518351973817167
11077,1.9513537846228024
11082,1.949678029808742
11087,1.9526312271601145
11092,1.9479547492856186
11097,1.9501263689622628
11102,1.9512258345052793
11107,1.9468477735091945
11112,1.9502051317525715
11117,1.952952075570654
11122,1.9511082031511355
11127,1.9501719743040853
11132,1.9484080391153222
11137,1.9507844282921973
11142,1.948000776096603
11147,1.9482301361624308
11152,1.949177757594295
11157,1.9500770080769743
11162,1.9505040800081053
11167,1.9474352594047941
11172,1.9489327596076955
11177,1.9472359124212595
11182,1.9476967426947935
11187,1.9452685271190895
11192,1.9492606768060143
11197,1.9507029508208227
11202,1.9489248247000166
11207,1.9476911171660205
11212,1.9484528349416894
11217,1.9473667395827592
11222,1.9441347098707127
11227,1.9491562563693374
11232,1.9447870159254752
11237,1.9496444584870034
11242,1.9455116376533537
11247,1.9494403948170151
11252,1.9471567456983063
11257,1.9492264983506848
11262,1.9471459274463783
11267,1.9451424397838486
11272,1.9481217392073096
11277,1.9486856416078313
11282,1.9464031490742593
11287,1.9440925444315298
11292,1.9446610752182127
11297,1.9436458806105383
11302,1.947681605991606
11307,1.9486636073108796
11312,1.9452067472281551
11317,1.9497328751014849
11322,1.9406116913771811
11327,1.9476201054198963
11332,1.9466879187195878
11337,1.946038817481002
11342,1.9467189672425669
11347,1.9420178144464737
11352,1.9470850899215106
11357,1.9462732211314147
11362,1.9458125327331026
11367,1.942564338626665
11372,1.945213343019772
11377,1.9440750227266363
11382,1.9478034577674743
11387,1.946158242097919
11392,1.9491492762498825
11397,1.948126804389389
11402,1.9448975282289815
11407,1.945635902264488
11412,1.9432374468876537
11417,1.9455201429364481
11422,1.9457559970632108
11427,1.9436648425555025
11432,1.9466956208577244
11437,1.941671040808587
11442,1.946658672503293
11447,1.9466353338181899
11452,1.9423579768028703
11457,1.944475816052623
11462,1.9409914336676797
11467,1.9431559631455115
11472,1.9467476064327152
11477,1.9440815221022774
11482,1.942214832924365
11487,1.941966266958148
11492,1.9436393299262367
11497,1.9389985913368575
11502,1.9415112611071985
11507,1.9426584381001903
11512,1.9427744398668017
11517,1.9426989546179319
11522,1.943611132581867
11527,1.9442293356699718
11532,1.9425949904571658
11537,1.9419381823659856
11542,1.942776930925629
11547,1.9461427692176927
11552,1.9401130662572832
11557,1.9428461399776134
11562,1.9429443401566242
11567,1.9433222583202656
11572,1.9459149801053026
11577,1.943798256963852
11582,1.9447553403862248
11587,1.9453585191045368
11592,1.9391653340361386
11597,1.9402095249747686
11602,1.9422582573380076
11607,1.9432514226958368
11612,1.9421884495022343
11617,1.9428824462585303
11622,1.9413526781728954
11627,1.9423055611541955
11632,1.942717756820127
11637,1.943440665149753
11642,1.9421285468260716
11647,1.9395352205401641
11652,1.9428522526413163
11657,1.9399970198211176
11662,1.9407587837213778
11667,1.9393805764668821
11672,1.9431494975333286
11677,1.9411629940685582
11682,1.94041085137801
11687,1.9381632610784782
11692,1.9423712805356759
11697,1.942522485946005
11702,1.9420951852163681
11707,1.9389103944163093
11712,1.9423502089037645
11717,1.938992326428708
11722,1.9395508522336742
11727,1.9403117450897671
11732,1.9428291213139193
11737,1.9400417911805914
11742,1.9401177856841239
11747,1.939926766811566
11752,1.942846681383052
11757,1.9383252852591244
11762,1.941106399115023
11767,1.941573847377806
11772,1.9398320604570765
11777,1.9430626376071636
11782,1.9399973914040187
11787,1.9403098302328212
11792,1.9393734796162005
11797,1.9423475124589094
11802,1.9381711637355084
11807,1.9408379010910093
11812,1.9425521631898433
11817,1.9375285223978114
11822,1.9401928063516014
11827,1.940777289329294
11832,1.9402169324894247
11837,1.9354192960666556
11842,1.9377879851709174
11847,1.9417700178783934
11852,1.9371472022404166
11857,1.941984063634591
11862,1.9366187173492126
11867,1.940567229514727
11872,1.9421606074334736
11877,1.9373604724339748
11882,1.9378627843352747
11887,1.9345501627498747
11892,1.9358210981835966
11897,1.9401456262251031
11902,1.9374294824843834
11907,1.9392828950992838
11912,1.9372850414449827
11917,1.9377381825118907
11922,1.9392810461642533
11927,1.9373960172444784
11932,1.9389865827170916
11937,1.9401809074185148
11942,1.9388361434662524
11947,1.9410278095255726
11952,1.9396490214793418
11957,1.9381263282804229
11962,1.9371151972785323
11967,1.9366008481428172
11972,1.9379781846199382
11977,1.9369948522978693
11982,1.938004325018941
11987,1.9385458907868536
11992,1.9380504995587438
11997,1.937041419771535
12002,1.937325171563544
12007,1.9333068490564396
12012,1.93711160895054
12017,1.9362379134674566
12022,1.9370079402134561
12027,1.9377386900148026
12032,1.9377230820680311
12037,1.938708875358701
12042,1.9343046431106592
12047,1.9337671228574842
12052,1.9357687495808522
12057,1.9352417328084737
12062,1.935847599372192
12067,1.9345913645125008
12072,1.9358803347663964
12077,1.9394480944499006
12082,1.9347074660867294
12087,1.9363719700975017
12092,1.9345770147355665
12097,1.9394855774804927
12102,1.9348316229858253
12107,1.9329772735272712
12112,1.9366376750730159
12117,1.9368235090253403
12122,1.9365700394623107
12127,1.9382060540762602
12132,1.9367017861053368
12137,1.9331230331778098
12142,1.9376455853178365
12147,1.9336365671651874
12152,1.9346808230096737
12157,1.9360240887992735
12162,1.9366849117902745
12167,1.9352929836323054
12172,1.9337158570065667
12177,1.934959511411992
12182,1.9342863880163965
12187,1.9337183697318294
12192,1.9324592269367968
12197,1.9356339687556612
12202,1.9358693194266474
12207,1.9332233353317774
12212,1.933819958339836
12217,1.9346888768151118
12222,1.9368236727960122
12227,1.935673953220252
12232,1.9345447030893306
12237,1.9332929224286828
12242,1.937010070488028
12247,1.932186159104604
12252,1.935760711344503
12257,1.9331804321165442
12262,1.937373166568664
12267,1.9359610933318574
12272,1.934877316045765
12277,1.932022938864513
12282,1.9336194887696883
12287,1.934499704226677
12292,1.93469924118253
12297,1.9356934576361635
12302,1.9328014344178055
12307,1.9356510501183997
12312,1.9350153146457933
12317,1.9344128148563347
12322,1.9360128224118347
12327,1.9376145714243074
12332,1.937998767065852
12337,1.9329556311511042
12342,1.935683729153467
12347,1.9327045852706943
12352,1.932646449702952
12357,1.9334313305453534
12362,1.9315389749459286
12367,1.9362703997124537
12372,1.9332214427353123
12377,1.9355494552034134
12382,1.9387763803148754
12387,1.934761899799316
12392,1.9364938745212694
12397,1.9339294816286494
12402,1.9326110272831594
12407,1.9331472722939769
12412,1.9334500455519705
12417,1.9359636377125982
12422,1.9365190005141162
12427,1.9365050902548369
12432,1.9342009227075736
12437,1.9387977932402984
12442,1.9369473699539412
12447,1.9323202376549866
12452,1.9351935230491433
12457,1.937516390129157
12462,1.9356964354012212
12467,1.933869217328066
12472,1.9364265595547365
12477,1.9357059253768596
12482,1.9350148877248445
12487,1.9360268378148018
12492,1.9364589235153087
12497,1.9328978366117961
12502,1.9378786052373533
12507,1.9327872151909657
12512,1.9356822016446311
12517,1.934262850373669
12522,1.932804126067647
12527,1.936683431223352
12532,1.932465321449571
12537,1.9338857012131954
12542,1.935429011170989
12547,1.936363093203755
12552,1.9364492796872714
12557,1.931727981632542
12562,1.9314975014008002
12567,1.9333081001817458
12572,1.9319887199131622
12577,1.9326592737208799
12582,1.9328961941027034
12587,1.9367771859500487
12592,1.9348563421082918
12597,1.9306905508162302
12602,1.9340535808348143
12607,1.9349176582276664
12612,1.938598387694907
12617,1.9349430971223616
12622,1.934286562788414
12627,1.933013334785019
12632,1.934038102565743
12637,1.9371028001349189
12642,1.929403166800666
12647,1.934324051496416
12652,1.9336088806002045
12657,1.9349928346736724
12662,1.9356009606371287
12667,1.9332273225646328
12672,1.9351012243607357
12677,1.935044807466247
12682,1.931871002077834
12687,1.9314516637573194
12692,1.9351355371587133
12697,1.9312324745221792
12702,1.933956005988565
12707,1.9336912641539348
12712,1.9366061295710222
12717,1.934518752439793
12722,1.9351031445963323
12727,1.9335750538845464
12732,1.9335565811276032
12737,1.9344307256712243
12742,1.9349826373081307
12747,1.9339968295663452
12752,1.936386674366228
12757,1.9339586193873188
12762,1.9363239370945373
12767,1.935546616040173
12772,1.9350402905683588
12777,1.9332129186628995
12782,1.9344656731471475
12787,1.9354113305191227
12792,1.9364928433610846
12797,1.9323818678668436
12802,1.9342579180140425
12807,1.9347499860074873
12812,1.930789560715527
12817,1.9343155827016665
12822,1.9331274728169505
12827,1.9330599333497434
12832,1.9318106967788173
12837,1.9346673156037013
12842,1.9348344654912895
12847,1.9318785327622188
12852,1.9315345660439533
12857,1.9348136240924074
12862,1.9352854380351672
12867,1.932151762376564
12872,1.9353928035105579
12877,1.9348920159485612
12882,1.9321844510586228
12887,1.9339325496675872
12892,1.9334378131648275
12897,1.9318122024758062
12902,1.9349202350366654
12907,1.933577281041356
12912,1.9337347292809108
12917,1.9364351286342856
12922,1.935532614150638
12927,1.9366879783819662
12932,1.9343708390342353
12937,1.9365858536653633
12942,1.9358913955256163
12947,1.9338962411827585
12952,1.9356665706841454
12957,1.9329524388354886
12962,1.9340830235928004
12967,1.9374392910880207
12972,1.9348039403874162
12977,1.9359899544166894
12982,1.9363012807761992
12987,1.93239301173328
12992,1.9319833678982137
12997,1.9336741930285262
13002,1.938676724679364
13007,1.9363308711430345
13012,1.9333228114483938
13017,1.9387931554809525
13022,1.936366465704847
13027,1.9348024658672294
13032,1.934760355075526
13037,1.9362934242921672
13042,1.9340782641172523
13047,1.9348715250361226
13052,1.9355549590967331
13057,1.9355836506002142
13062,1.9365254213541025
13067,1.93910330694889
13072,1.9343816169799808
13077,1.9357647491083614
13082,1.9359983905426257
13087,1.933253037395054
13092,1.9350339896783755
13097,1.933870769946096
13102,1.936525398606186
13107,1.9307471061606676
13112,1.934655352607745
13117,1.9333827762216456
13122,1.9372669319589695
13127,1.9334425054868953
13132,1.9341659605404387
13137,1.93494684712229
13142,1.9365450933329047
13147,1.9355631510916398
13152,1.9327105885018026
13157,1.9365743825654735
13162,1.9357809298235404
13167,1.9334455235891705
13172,1.9335125833053122
13177,1.9358550492893225
13182,1.9328015747066276
13187,1.936542012945766
13192,1.9384625631572383
13197,1.933142986511327
13202,1.933995869681772
13207,1.935313651809339
13212,1.9361610599536898
13217,1.9362959894390708
13222,1.9343683931443105
13227,1.9346091473306866
13232,1.93651619177022
13237,1.9382502580341185
13242,1.933865316070194
13247,1.9370853221476398
13252,1.9318935477445738
13257,1.9347944864595903
13262,1.937940739145521
13267,1.9387414135777847
13272,1.9366919156747757
13277,1.9376649532045045
13282,1.9351884873836753
13287,1.9313403376243923
13292,1.9360761476321469
13297,1.9360418070818235
13302,1.932186846814539
13307,1.9360379869392064
13312,1.9365234062797385
13317,1.9359141661586499
13322,1.936267283959615
13327,1.9347248531960186
13332,1.9381029234255798
13337,1.9353816503616985
13342,1.9348236124504266
13347,1.940214569845948
13352,1.9348649716617001
13357,1.9350170482054545
13362,1.9366529610513195
13367,1.9376067430063102
13372,1.936177463617668
13377,1.9385740224608858
13382,1.934746602015131
13387,1.9397894314039514
13392,1.9362818994137545
13397,1.934693982719373
13402,1.937716323031759
13407,1.9319561054667895
13412,1.9323966938201658
13417,1.9347135445457042
13422,1.9340439535149792
13427,1.9349138874708989
13432,1.9343429776525027
13437,1.9354764881621385
13442,1.9348835154199362
13447,1.9368239240793597
13452,1.9372714449364026
13457,1.9373034521004968
13462,1.9349543466323191
13467,1.9324691985716962
13472,1.936936815801726
13477,1.9362950244644608
13482,1.9352757307725568
13487,1.9365341753433287
13492,1.93734935334693
13497,1.9355702701220094
13502,1.934936941959362
13507,1.9376417331361797
13512,1.9353237325436916
13517,1.9354031311330862
13522,1.9389092034687898
13527,1.9352162402800792
13532,1.9366083279573534
13537,1.93900148574816
13542,1.9350063380593778
13547,1.9348750142775546
13552,1.935636824647561
13557,1.9363224109381485
13562,1.9373977951642345
13567,1.9377906278347725
13572,1.935486168976998
13577,1.9333417195213944
13582,1.939631421911832
13587,1.935628145691049
13592,1.9357575763612258
13597,1.933876471217291
13602,1.9373551915582732
13607,1.9350418246747103
13612,1.9354777073603766
13617,1.9346236155649823
13622,1.9366365565108763
13627,1.9345177220506016
13632,1.9315494894118084
13637,1.9373185135728828
13642,1.9315460840894585
13647,1.9373579948758384
13652,1.9362008188350617
13657,1.9352314763057157
13662,1.9367020577109713
13667,1.9381404583304795
13672,1.936122576865264
13677,1.9384921406146667
13682,1.9378831406996153
13687,1.9369922731900764
13692,1.937370921552918
13697,1.9401788760171814
13702,1.9337013192082533
13707,1.9325881263313336
13712,1.937772484359273
13717,1.9405026936377754
13722,1.9366912083475054
13727,1.9373983443110547
13732,1.9359374683274106
13737,1.9360988999917284
13742,1.9394856803452494
13747,1.9384628018833492
13752,1.9366695011291137
13757,1.9378893011280458
13762,1.9370499609690288
13767,1.9386455312243438
13772,1.9393357212666835
13777,1.9342009159839264
13782,1.9389732728866211
13787,1.934932382029643
13792,1.9354493647050155
13797,1.9362618717524658
13802,1.9356690489316177
13807,1.9394542009025524
13812,1.9363408065008256
13817,1.9361297528064534
13822,1.9339225291673285
13827,1.9384540925948561
13832,1.9376128572004228
13837,1.9399231280387481
13842,1.9356546103824128
13847,1.9353485000388826
13852,1.9317152040338308
13857,1.936903621744925
13862,1.933321647877676
13867,1.9372543867384915
13872,1.9389055819306433
13877,1.9375113056827256
13882,1.9348166587972173
13887,1.9367351269284165
13892,1.9355040877516465
13897,1.935805431403905
13902,1.9344349753465533
13907,1.9388397780475985
13912,1.9354528583492945
13917,1.9401249192198322
13922,1.9387564412819362
13927,1.9406827130492796
13932,1.936921936164477
13937,1.9418395447518533
13942,1.9394410674536033
13947,1.9409850822611954
13952,1.9397331597310918
13957,1.937744693722495
13962,1.9382624214079989
13967,1.9376073633431066
13972,1.940809939220276
13977,1.9370469341217398
13982,1.9359848158952324
13987,1.940225188463052
13992,1.9371299039020582
13997,1.938152501109066
14002,1.9386936439286628
14007,1.9394119498839375
14012,1.9372200582007288
14017,1.9388530928917913
14022,1.9417951510627087
14027,1.9358945209776086
14032,1.939404321645069
14037,1.9404686040862245
14042,1.937315441205968
14047,1.9382153844287628
14052,1.9362912501033547
14057,1.9426136659734132
14062,1.9404598057772462
14067,1.9393663950613653
14072,1.9369372688337134
14077,1.9388752861629053
14082,1.936245637686864
14087,1.9404789122981536
14092,1.9367365971051245
14097,1.9363498577466822
14102,1.9380506502275587
14107,1.9373416094195852
14112,1.9419310749835264
14117,1.9393722756196985
14122,1.9413939873858195
14127,1.9364995142201509
14132,1.9369439114999418
14137,1.9371990910877845
14142,1.9380046281177252
14147,1.9386313165387143
14152,1.9373822713666606
14157,1.9408411976413646
14162,1.9367177657510097
14167,1.9415946084524343
14172,1.9385506743888234
14177,1.9369328104580061
14182,1.935341382473308
14187,1.941094362510495
14192,1.9351693125813536
14197,1.9380932340925672
14202,1.941524039577138
14207,1.9389590000435752
14212,1.9391418110073633
14217,1.9426678149805614
14222,1.9406483883901515
14227,1.9397640929717652
14232,1.9380988112332835
14237,1.9392103950247357
14242,1.9414401427623715
14247,1.9362955969233373
14252,1.9363745981574525
14257,1.9367131827476638
14262,1.9416053765138228
14267,1.9403315013619162
14272,1.9411284239851716
14277,1.9399358095205084
14282,1.9409128527419939
14287,1.9389400832026364
14292,1.9428658409543338
14297,1.9429033591442
14302,1.9397131817259232
14307,1.9397468473587194
14312,1.9404152130910082
14317,1.9406934881486482
14322,1.9396110611249349
14327,1.9399498119261964
14332,1.941503169825943
14337,1.9389708885996215
14342,1.93825778825997
14347,1.939963434000066
14352,1.9402513108374542
14357,1.9399546561869079
14362,1.9418588050440373
14367,1.9362803023350632
14372,1.9365223176838673
14377,1.9429665708015305
14382,1.9369952323653046
14387,1.9425245261297563
14392,1.9381937788285213
14397,1.943571804123671
14402,1.9412165257001917
14407,1.9389272292361073
14412,1.939677188249323
14417,1.9381800613561186
14422,1.9390323026727936
14427,1.944998009653829
14432,1.9394383862814177
14437,1.9375579476361569
14442,1.9384179545221911
14447,1.9429219400615432
14452,1.9404483330598181
14457,1.9415697549953488
14462,1.9390641354033011
14467,1.939284588387106
14472,1.9383529273923916
14477,1.938324085229992
14482,1.9403238334953092
14487,1.9356099228570818
14492,1.9460450820997128
14497,1.942920428250374
14502,1.9451183113291934
14507,1.942792630920229
14512,1.9371368743165738
14517,1.9415117572369083
14522,1.9417304414273613
14527,1.9399537958189725
14532,1.9376190067464487
14537,1.9409935466853625
14542,1.9434367471550233
14547,1.9406342322013397
14552,1.9439978963266222
14557,1.9420363383332737
14562,1.940622871818392
14567,1.9435520229375796
14572,1.9431658580224636
14577,1.9377952069829576
14582,1.9425106104765621
14587,1.9397301884328677
14592,1.9440029520379252
14597,1.9404982070867636
14602,1.941748007660559
14607,1.9440127677600276
14612,1.9413049999576069
14617,1.9450327607479656
14622,1.9420801837521688
14627,1.9428619090488455
14632,1.940602854910147
14637,1.9446165943158105
14642,1.943177076888434
14647,1.9394864805406231
14652,1.9380346221398506
14657,1.941491316659572
14662,1.941857583313585
14667,1.9429502654044952
14672,1.9426663031593097
14677,1.9392318107962672
14682,1.9439842513609524
14687,1.945661388912552
14692,1.9439728363120983
14697,1.9408814140023292
14702,1.9435066730772095
14707,1.9451320357804023
14712,1.9432294352267254
14717,1.945204584309143
14722,1.94516713187279
14727,1.9427414275079826
14732,1.9433076774596707
14737,1.9449841706250217
14742,1.9448166741397332
14747,1.942891718022056
14752,1.9424335469833403
14757,1.9412580161316824
14762,1.943849233571875
14767,1.9427932446480538
14772,1.9396955286399111
14777,1.9449716491588878
14782,1.945608968974039
14787,1.9416200564726398
14792,1.94325200179157
14797,1.942779584063546
14802,1.9406104463546896
14807,1.939035692049244
14812,1.9409129839022303
14817,1.9393960734105455
14822,1.9405185867063628
14827,1.9447968837547382
14832,1.9424019274032394
14837,1.9411010471897023
14842,1.9431926224820915
14847,1.9459406875781566
14852,1.9464044819242243
14857,1.9447417777731615
14862,1.9456230279155275
14867,1.9449179976662425
14872,1.9438306566313908
14877,1.9448413450092474
14882,1.9476545768213425
14887,1.9463460256517267
14892,1.9426938407031082
14897,1.9410884787139007
14902,1.9464953905673832
14907,1.941902374118948
14912,1.946456518495941
14917,1.9459100169932824
14922,1.9428928674305916
14927,1.9435947065891284
14932,1.9456988548778502
14937,1.9431750680758573
14942,1.9447802110518766
14947,1.9426054753983655
14952,1.9403638856861454
14957,1.943183813909854
14962,1.9467200316216768
14967,1.9455353372178998
14972,1.9441342058610946
14977,1.9446897385351563
14982,1.9459401494470514
14987,1.9450018379081633
14992,1.944350330719545
14997,1.9453674700759958
15002,1.9444788174996739
15007,1.9474286657109885
15012,1.9479177905932212
15017,1.9401580559322578
15022,1.9436052985385146
15027,1.9445033740766147
15032,1.9452956321534496
15037,1.9506207854413486
15042,1.9462349853531005
15047,1.9451863484238052
15052,1.942938037844554
15057,1.9455817748745854
15062,1.9411040610104862
15067,1.9466556256214682
15072,1.9469807885460202
15077,1.9459445862403835
15082,1.9430798726650373
15087,1.943787837318711
15092,1.9447483469936626
15097,1.9446771981431483
15102,1.9460528221079045
15107,1.9435069038513462
15112,1.9450108814509588
15117,1.9448380572941832
15122,1.9439203333256034
15127,1.944859695375656
15132,1.9470190465985433
15137,1.9443613002357614
15142,1.9411332728319468
15147,1.9460783362170198
15152,1.9458165935812504
15157,1.9440160241382098
15162,1.9481816363348061
15167,1.9441949229569746
15172,1.9453661478824893
15177,1.9483778040536792
15182,1.948790863835414
15187,1.9432913133536929
15192,1.9479873335129059
15197,1.9426022974518162
15202,1.9433763675228104
15207,1.9472127379217237
15212,1.9455540605485497
15217,1.949325378897705
15222,1.9447445611423697
15227,1.9497250838115032
15232,1.9469346132256355
15237,1.947254994410719
15242,1.9450599806434523
15247,1.9440230175805429
15252,1.9465071311306892
15257,1.9474923848347447
15262,1.9489425798628532
15267,1.9434491752141225
15272,1.945987070087976
15277,1.9490619736591157
15282,1.9407708814614482
15287,1.9446610608117523
15292,1.9464265299957795
15297,1.9440181977361786
15302,1.946259075405971
15307,1.943893102913981
15312,1.9465776319953347
15317,1.9444451493965935
15322,1.9460447057822008
15327,1.9439982282927972
15332,1.9486770449020037
15337,1.9441957905513463
15342,1.946153509846735
15347,1.946202145380046
15352,1.947433192990838
15357,1.9470606549716454
15362,1.9457638055278768
15367,1.9452394597778404
15372,1.9458029676521842
15377,1.9445554537552943
15382,1.9487640328582667
15387,1.950394323312016
15392,1.947055850488211
15397,1.9478336260395077
15402,1.9475853878199474
15407,1.9474753983881363
15412,1.9482682572549344
15417,1.9479253812622466
15422,1.9495345945880242
15427,1.9473927885748348
15432,1.949306101276509
15437,1.9475179607644093
15442,1.945986989024999
15447,1.9433772167852918
15452,1.951409214817816
15457,1.9437257918830493
15462,1.9477485588290064
15467,1.94939474833108
15472,1.9453750776698446
15477,1.9462241141374417
15482,1.9502702364674656
15487,1.9446640692146009
15492,1.9478082226563485
15497,1.9474966222778187
15502,1.948113052589003
15507,1.9441660496862947
15512,1.9495511033701343
15517,1.9507656421986184
15522,1.9483592251492394
15527,1.948382655979099
15532,1.947637603171021
15537,1.9502801439402713
15542,1.9518796553478597
15547,1.9458632602141583
15552,1.9462906668330955
15557,1.9487289528266842
15562,1.9480197934176862
15567,1.9510414704404102
15572,1.9494478150671244
15577,1.9485661780124666
15582,1.9472851293591473
15587,1.951324262939838
15592,1.948443665763696
15597,1.9497689569543033
15602,1.9473716707579365
15607,1.9502834842807082
15612,1.9472997855032532
15617,1.9463418635654002
15622,1.9479503487042433
15627,1.9486152379446087
15632,1.9477771975108493
15637,1.9480122623414713
15642,1.9500714414731737
15647,1.951018689095687
15652,1.9484439252678134
15657,1.949385730354739
15662,1.9490687641718647
15667,1.9488615141576275
15672,1.948622835540525
15677,1.9491729410158602
15682,1.9484720287567059
15687,1.9464999184869454
15692,1.9516902570079397
15697,1.9473316581586357
15702,1.9498227526883853
15707,1.9474915549766085
15712,1.9504010256326367
15717,1.9521124250240538
15722,1.9531736984081205
15727,1.9463205508856147
15732,1.950220768334352
15737,1.9488446402279407
15742,1.9479783679353344
15747,1.9481410325732886
15752,1.9516711066292836
15757,1.9511651767989964
15762,1.9516678574575654
15767,1.946922018378012
15772,1.9522131081738303
15777,1.9507052332624977
15782,1.9484652738124506
15787,1.9497806848218724
15792,1.9517987961059506
15797,1.9509659727232742
15802,1.949821323077768
15807,1.9546539191555334
15812,1.9491781260528296
15817,1.949226055181101
15822,1.9463497153619909
15827,1.9532476485736388
15832,1.9497225512405636
15837,1.9489716309236496
15842,1.95207460608141
15847,1.9498296421848351
15852,1.9469765159765828
15857,1.951184431948598
15862,1.9529894776243837
15867,1.9505071307630333
15872,1.952028711750511
15877,1.9496407496239476
15882,1.9487743991037743
15887,1.9533725568253972
15892,1.946828165465854
15897,1.9522495677729104
15902,1.9567706050154077
15907,1.9457875141372047
15912,1.9522912061894806
15917,1.9479257681582653
15922,1.9529413122755168
15927,1.9501917862221323
15932,1.9478705853894895
15937,1.9495211613080519
15942,1.9479118020244075
15947,1.9497341613195316
15952,1.948304578553367
15957,1.948362125414617
15962,1.954128071047342
15967,1.952744408619125
15972,1.94979842550366
15977,1.9478961674267246
15982,1.951916580461324
15987,1.9546754535592625
15992,1.949577876533229
15997,1.9491234779499849
16002,1.9519815649194143
16007,1.9508133214126933
16012,1.952968189029453
16017,1.953004482112125
16022,1.951530296447313
16027,1.9476671697269337
16032,1.952611368439431
16037,1.9527061262472316
16042,1.9546718541947328
16047,1.9514134714647877
16052,1.950562018522948
16057,1.9522155635873129
16062,1.951740162467694
16067,1.9512454834375106
16072,1.9495727573595472
16077,1.9522151440493078
16082,1.9527498135139782
16087,1.9549712004326654
16092,1.952095582229237
16097,1.9522662475545294
16102,1.9536419287566058
16107,1.9529151725949896
16112,1.9502495429693605
16117,1.9541331969222995
16122,1.952333920742089
16127,1.9498720642435392
16132,1.9507683845400905
16137,1.9486198905082923
16142,1.9518818319723912
16147,1.9509867955319227
16152,1.9526013588426696
16157,1.955552559662208
16162,1.95298725700703
16167,1.9548770677242384
16172,1.955176298800975
16177,1.9526874336272166
16182,1.9498140418671916
16187,1.9535589355212521
16192,1.954704344744128
16197,1.9515540355433287
16202,1.9536787566340044
16207,1.9531022178320447
16212,1.9534982569441222
16217,1.9514634240437136
16222,1.9564919258662299
16227,1.9547574385768556
16232,1.9553982968605854
16237,1.953919678056845
16242,1.9551522309514133
16247,1.9515573195648803
16252,1.9524650051129993
16257,1.9519117730312177
16262,1.9543011571035545
16267,1.9524398421612674
16272,1.952476472148987
16277,1.9531274196228052
16282,1.9550804812834013
16287,1.9543071140266224
16292,1.953793410155667
16297,1.9546620150398213
16302,1.9562301451877218
16307,1.9562040666435159
16312,1.9577450115599546
16317,1.9559324133445277
16322,1.9569835689259127
16327,1.957506580288463
16332,1.956295615663973
16337,1.9539183946160865
16342,1.9534148565479579
16347,1.953951917952351
16352,1.9564758114811596
16357,1.9565022639694398
16362,1.9546150192278435
16367,1.9546910617736724
16372,1.9569663068343943
16377,1.9532985510357779
16382,1.9532012579291933
16387,1.9563475820815441
16392,1.9521275373985645
16397,1.9526660576125872
16402,1.955801071166121
16407,1.9556596156822572
16412,1.955974606240472
16417,1.9558496552613585
16422,1.954444362472816
16427,1.95593062867652
16432,1.9534145462202093
16437,1.9608339644439106
16442,1.9542608383474898
16447,1.9551628184391365
16452,1.9589238621606224
16457,1.957027697912758
16462,1.9553173472793213
16467,1.9571571128023
16472,1.953196505583428
16477,1.9578091277998435
16482,1.9556527137313655
16487,1.9544348854983382
16492,1.9565589930827147
16497,1.9548093482522637
16502,1.9543824223391346
16507,1.9542917559709545
16512,1.9547936343860146
16517,1.9578623407342475
16522,1.9510562149606656
16527,1.9568730658476645
16532,1.9578119063782704
16537,1.9553191382108006
16542,1.9580716290326
16547,1.9604162482556546
16552,1.957346517533046
16557,1.954840704313202
16562,1.9547161664989556
16567,1.9531570498304385
16572,1.9577927314865498
16577,1.956924221367991
16582,1.9570805299226848
16587,1.9576848922373962
16592,1.9571485321656095
16597,1.9572460990894824
16602,1.9571597285978204
16607,1.9590532818220572
16612,1.9562659603140597
16617,1.955073917741935
16622,1.955724860364577
16627,1.956279344401497
16632,1.9551764277976647
16637,1.955607647050292
16642,1.9569228203045772
16647,1.9559132896900269
16652,1.9568911035863528
16657,1.9586789037211774
16662,1.9549269042922768
16667,1.9539817514172575
16672,1.9584673818720106
16677,1.9546290542963143
16682,1.9524659701782168
16687,1.959034736297249
16692,1.958912108036549
16697,1.9556742158250273
16702,1.9566443859488776
16707,1.9572085719371846
16712,1.9553395672108724
16717,1.9530419088071498
16722,1.956322591317236
16727,1.958383257353875
16732,1.95545959502936
16737,1.960627769204255
16742,1.962095287816742
16747,1.9534297093888395
16752,1.9579724481354677
16757,1.9606440787457475
16762,1.9580938836456772
16767,1.9578114048088766
16772,1.9574946359349847
16777,1.9553215290619834
16782,1.9574565411372056
16787,1.9577825927124732
16792,1.9565226518204437
16797,1.957127582092425
16802,1.9584546121770894
16807,1.959617681343698
16812,1.957858096996703
16817,1.9552394544418727
16822,1.9579045544588325
16827,1.960879099347675
16832,1.9544656834184277
16837,1.9580291808828663
16842,1.9565808662138875
16847,1.9581450485793452
16852,1.9579951039562047
16857,1.9589680021048932
16862,1.9609692035215198
16867,1.9580932853179913
16872,1.9593665989517404
16877,1.9553077881351906
16882,1.956583070441922
16887,1.9558667060994122
16892,1.9558445076668816
16897,1.9605973073978087
16902,1.9580903034843327
16907,1.955735281886358
16912,1.9585949371096683
16917,1.956949751796232
16922,1.9589987211220075
16927,1.961392842466941
16932,1.9613834086307584
16937,1.9598907267219194
16942,1.9567880055049771
16947,1.9605371459576924
16952,1.959280614631299
16957,1.9536709656034488
16962,1.959788171765763
16967,1.9556204168577034
16972,1.9622787242002575
16977,1.9557911601041722
16982,1.9584065072850398
16987,1.9621908067549751
16992,1.9581967666622595
16997,1.9568114420770975
17002,1.960115754914644
17007,1.956141155784178
17012,1.9554832095216743
17017,1.9544662898478093
17022,1.9605681462913016
17027,1.9568130722589014
17032,1.959623957315474
17037,1.9611876161570672
17042,1.9588829444352678
17047,1.9592548349985832
17052,1.9567188077631292
17057,1.9569292727861811
17062,1.9593854678658562
17067,1.9577984990407755
17072,1.9596563884794214
17077,1.9594528599480354
17082,1.961921384427682
17087,1.9596145036408819
17092,1.9587490654389335
17097,1.9580785696025622
17102,1.9613891513215618
17107,1.9598278006752923
17112,1.9631345917967602
17117,1.9586676281321898
17122,1.958645155734161
17127,1.9603556104542854
17132,1.9607300560909144
17137,1.960492939506738
17142,1.9597558224407652
17147,1.9600428216881294
17152,1.960275524131699
17157,1.9625784318366049
17162,1.9608598523203729
17167,1.9600061648873413
17172,1.9598737749002766
17177,1.9586083943626775
17182,1.961631414980135
17187,1.962140281282852
17192,1.9639010252490126
17197,1.9605207607718846
17202,1.9613319802802782
17207,1.961418176165733
17212,1.9638042827197102
17217,1.9602276608179756
17222,1.9620208174794522
17227,1.9588165632845216
17232,1.9584674781970255
17237,1.9598641420085867
17242,1.9608006345189168
17247,1.959458304923048
17252,1.9616334055342102
17257,1.9580648787894281
17262,1.9583195786417669
17267,1.9583385967548639
17272,1.9600232166065767
17277,1.9599512197060494
17282,1.9620966611544632
17287,1.9621332360251937
17292,1.9616052049314436
17297,1.9629940751077914
17302,1.9596698117139448
17307,1.960075953787351
17312,1.9615416113025543
17317,1.9640285887407745
17322,1.9631996331482664
17327,1.9624983158419245
17332,1.9633170155078095
17337,1.958767915257174
17342,1.9614763171611034
17347,1.961718472220936
17352,1.961258463806095
17357,1.960457325612197
17362,1.96456332452653
17367,1.9639848484052382
17372,1.9577837245689182
17377,1.9618499746615203
17382,1.961306694106742
17387,1.9627512870392827
17392,1.962001157760573
17397,1.9616610263995369
17402,1.9640702230805112
17407,1.9584474123482436
17412,1.9615334064692527
17417,1.9620330492041478
17422,1.9620631737855998
17427,1.9599388980335901
17432,1.961497066889582
17437,1.960872553623347
17442,1.9620129691965265
17447,1.9603516662588718
17452,1.9618030997935885
17457,1.9619710588340273
17462,1.9648148045159453
17467,1.9612578344838474
17472,1.9673993674492183
17477,1.9652181359635275
17482,1.9597255898443717
17487,1.9638127445595817
17492,1.9599711619983498
17497,1.9644259555635473
17502,1.9608121052455632
17507,1.9634191216133245
17512,1.9658196328007693
17517,1.9656906520550395
17522,1.9634056636763382
17527,1.9644672546859347
17532,1.9621661810577917
17537,1.9619602507189045
17542,1.9606203349108853
17547,1.9610626144287497
17552,1.9627124811895722
17557,1.960727462050923
17562,1.960741380985798
17567,1.9640555851957346
17572,1.9629037521478945
17577,1.9596389581729363
17582,1.9637444022638435
17587,1.9583790201405742
17592,1.9592531836997633
17597,1.9625152811732312
17602,1.9642406070796476
17607,1.9625373875128829
17612,1.9633238682663554
17617,1.9630087914847227
17622,1.9654558463901077
17627,1.9646843021493936
17632,1.9628800800741042
17637,1.9657864400384322
17642,1.965321565218147
17647,1.9616015727672638
17652,1.9681928062788194
17657,1.9598831161044197
17662,1.9644465441036976
17667,1.9618143087995985
17672,1.9635098650598175
17677,1.9634769024217582
17682,1.964337648623735
17687,1.9645729452387777
17692,1.9661872418386104
17697,1.9628463329572587
17702,1.9661278062862744
17707,1.9610308758935244
17712,1.9649921659750396
17717,1.9675849259284566
17722,1.9643713606480429
17727,1.9668693867206106
17732,1.9649054484570212
17737,1.96424141019875
17742,1.9656408775629506
17747,1.9626192311594801
17752,1.96825708806747
17757,1.9641187008703274
17762,1.9645524730447772
17767,1.96761011993357
17772,1.9663720414538461
17777,1.9648198740424487
17782,1.9629976781741534
17787,1.9614930760337974
17792,1.9637176140066779
17797,1.9668889433789272
17802,1.9609950450236007
17807,1.9635647900554785
17812,1.9649423458817814
17817,1.964408048980923
17822,1.9643560338626864
17827,1.9663294969379996
17832,1.968256178095613
17837,1.9650766452531137
17842,1.9657435266701153
17847,1.9638689297112775
17852,1.9662623964589785
17857,1.9621486271400959
17862,1.9615476604762703
17867,1.9637472602528967
17872,1.9640566831818111
17877,1.9669978134405341
17882,1.9689839939263158
17887,1.9648356588833304
17892,1.9623740567508048
17897,1.9669184449471901
17902,1.9645819461971092
17907,1.9638231269094972
17912,1.9708275469953043
17917,1.9650832165776817
17922,1.965690456279436
17927,1.9659474050246257
17932,1.969610285168157
17937,1.9656448881192905
17942,1.966764864874711
17947,1.965346087894025
17952,1.9694673731142636
17957,1.9671123766837142
17962,1.9682808100693305
17967,1.9639051938466245
17972,1.9670078241283442
17977,1.962016256066361
17982,1.9630470912619253
17987,1.965736978799048
17992,1.9667439350634623
17997,1.965172223343407
18002,1.9658703622867157
18007,1.9683837744621904
18012,1.968270510448521
18017,1.9678236871237187
18022,1.9646882037514544
18027,1.968112370350826
18032,1.9651771638964897
18037,1.9643187510921623
18042,1.969637341611169
18047,1.9617978146281343
18052,1.9674701628832307
18057,1.9626234941166925
18062,1.966000494549647
18067,1.9652490977842274
18072,1.972246900320021
18077,1.9693931227163464
18082,1.968147299794091
18087,1.9667883910755537
18092,1.9678884030237866
18097,1.9673553150319578
18102,1.9694037625548633
18107,1.9682171000214455
18112,1.9659035420070092
18117,1.9661838682345463
18122,1.967720498803534
18127,1.9658860707700754
18132,1.9706183502476173
18137,1.9675122420890372
18142,1.9662701373291909
18147,1.9654070223492042
18152,1.9644713076701563
18157,1.9667384381147253
18162,1.9655227467490166
18167,1.965928139899111
18172,1.9681244922827632
18177,1.9663761924227978
18182,1.9707178676932002
18187,1.971115057987532
18192,1.9701947589805977
18197,1.9668552707969162
18202,1.9682249023544605
18207,1.9678387056089337
18212,1.9643087586120824
18217,1.9659836295363644
18222,1.9679937933923712
18227,1.9714558262682067
18232,1.9674985721613965
18237,1.969200953464891
18242,1.9674087614523663
18247,1.968445842247196
18252,1.9643591082275964
18257,1.9708285873979077
18262,1.9652583805949109
18267,1.9700651288888722
18272,1.9719879145684291
18277,1.9668257800577678
18282,1.9676168452235403
18287,1.970895054433039
18292,1.9700776962262545
18297,1.9692996263046307
18302,1.9637840025689797
18307,1.9707167458850245
18312,1.9681875932130637
18317,1.9688168612570716
18322,1.9689339310630645
18327,1.969753342852743
18332,1.9683818124180195
18337,1.9694585537429206
